company,email,phone,url
,mathias.fischer2@dhl.com,03570121,https://www.ausbildung.de/stellen/ausbildung-fachkraft-fuer-lagerlogistik-m-w-d-bei-deutsche-post-und-dhl-in-koeln-3b0358cd-144f-44a9-b04d-803570121e92/
,tina.goerlitz@weihe.de,082842871,https://www.ausbildung.de/stellen/ausbildung-fachkraft-fuer-lagerlogistik-m-w-d-bei-weihe-gmbh-in-berlin-403647c7-354c-4189-a115-972e5a077924/
,katrin.strauss@kuehne-nagel.com,082842871,https://www.ausbildung.de/stellen/ausbildung-zur-fachkraft-fuer-lagerlogistik-m-w-d-2026-bei-kuehne-nagel-ag-co-kg-in-koeln-1aa1d87a-9e76-43a1-96b1-68c1d93e4786/
,lehrstellenservice-berlin@afbb.de,+493028886962,https://www.ausbildung.de/stellen/ausbildung-fachkraft-fuer-lagerlogistik-m-w-d-in-berlin-bei-afbb-akademie-fuer-berufliche-bildung-ggmbh-in-berlin-c4998a28-85ff-42fe-9a10-eefac0730491/
,astrid.brandes@bausch.com,03033093,https://www.ausbildung.de/stellen/ausbildung-fachkraft-fuer-lagerlogistik-m-w-d-bei-bausch-lomb-dr-gerhard-mann-chem-pharm-fabrik-gmbh-in-berlin-5a345c28-10c9-488c-a015-660e31e17d07/
,angela.dreer@dhl.com,082842871,https://www.ausbildung.de/stellen/ausbildung-fachkraft-fuer-lagerlogistik-m-w-d-bei-deutsche-post-und-dhl-in-koeln-9b9d3768-f638-47cd-9026-d40f42639cd8/
,ausbildung.bo@gc-gruppe.de,03370826203,https://www.ausbildung.de/stellen/ausbildung-fachkraft-fuer-lagerlogistik-m-w-d-bei-gc-gruppe-in-berlin-5415452b-dfc7-4a06-8dfb-fc63e45a95d2/
,jobs@novapax.de,030701914128,https://www.ausbildung.de/stellen/ausbildung-fachkraft-fuer-lagerlogistik-m-w-d-bei-novapax-kunststofftechnik-steiner-gmbh-co-kg-in-berlin-b79767b0-34ab-44e3-abfc-0318ba0946cd/
,,056853840,https://www.ausbildung.de/stellen/ausbildung-zur-fachkraft-fuer-lagerlogistik-m-w-d-bei-rewe-markt-gmbh-in-berlin-cd2a5056-8538-40d9-b3cd-8e5128508ae0/
