category,job_title,company,location,email,phone,start_date,job_url
Maurer/in,"Ausbildung Hochbaufacharbeiter:in / Maurer:in 2026
Deutsche Bahn AG
Premium
01.09.2026
Prenzlau
Duale Ausbildung",Deutsche Bahn AG,N/A,loc@ion.href,036623302,25.02.2026,https://www.azubi.de/ausbildungsplatz/11340218-p-ausbildung-hochbaufacharbeiter-in-maurer-in-2026
Maurer/in,"Auszubildende Maurer und Beton- / Stahlbetonbauer (m/w/d)
PROBAT BAU AG
Premium
01.09.2026
85622 Feldkirchen
Duale Ausbildung",PROBAT BAU AG,N/A,loc@ion.href,089 901083-29,2026-02-24,https://www.azubi.de/ausbildungsplatz/11548146-p-auszubildende-maurer-und-beton-stahlbetonbauer-m-w-d
Maurer/in,"Ausbildung 2026 - Maurer:in (m/w/d) Reutlingen
ADOLF LIST BAUUNTERNEHMUNG GMBH
01.09.2026
72770 Reutlingen
Neu
Duale Ausbildung",STRABAG AG,N/A,loc@ion.href,026 72393,2026-02-27,https://www.azubi.de/ausbildungsplatz/11305156-s-ausbildung-2026-maurer-in-m-w-d-reutlingen
Maurer/in,"Ausbildung Maurer (m/w/d) in Lübeck ab dem 01.08.2026
Friedrich Schütt + Sohn Baugesellschaft mbH & Co. KG
01.08.2026
23558 Lübeck
Neu
Duale Ausbildung
4 freie Stellen",Friedrich Schütt + Sohn Baugesellschaft mbH &amp; Co. KG,N/A,noah.bargmann@schuett-bau.de,0451 47001-814,2026-02-26,https://www.azubi.de/ausbildungsplatz/10431602-s-ausbildung-maurer-m-w-d-in-luebeck-ab-dem-01-08-2026
Maurer/in,"Ausbildung zum Maurer (m/w/d)
Friedrich Duensing GmbH
01.08.2026
31535 Neustadt
Neu
Schnellbewerbung
Duale Ausbildung",Friedrich Duensing GmbH,N/A,loc@ion.href,026 67365,2026-02-26,https://www.azubi.de/ausbildungsplatz/10907029-s-ausbildung-zum-maurer-m-w-d
Maurer/in,"Ausbildung Maurer m/w/d
F. Wimmer Baugeschäft und Zimmerei GmbH
01.09.2026
94036 Passau
Neu
Schnellbewerbung
Duale Ausbildung",F. Wimmer Baugeschäft und Zimmerei GmbH,N/A,loc@ion.href,026 94036,2026-02-26,https://www.azubi.de/ausbildungsplatz/10992107-s-ausbildung-maurer-m-w-d
Maurer/in,"Ausbildung zum Maurer (m/w/d) 2026
Kutter GmbH & Co. KG & Xaver Riebel Bauunternehmung GmbH & Co. KG
01.09.2026
87600 Kaufbeuren, Mindelheim
Schnellbewerbung
Duale Ausbildung
5 freie Stellen",Kutter GmbH &amp; Co. KG,N/A,loc@ion.href,08331/8551-0,2026-02-25,https://www.azubi.de/ausbildungsplatz/10344907-s-ausbildung-zum-maurer-m-w-d-2026
Maurer/in,"Ausbildung zum Maurer (m/w/d)
Bauunternehmung Hermann Assner GmbH & Co. KG
01.09.2026
86899 Landsberg am Lech
Schnellbewerbung
Duale Ausbildung
3 freie Stellen",Bauunternehmung Hermann Assner GmbH &amp; Co. KG,N/A,loc@ion.href,026 86875,2026-02-24,https://www.azubi.de/ausbildungsplatz/10682027-s-ausbildung-zum-maurer-m-w-d
Maurer/in,"Ausbildung zum Maurer (m/w/d)
Lambert SCHLUN GmbH & Co. KG
01.08.2026
52538 Gangelt
Schnellbewerbung
Duale Ausbildung",Lambert SCHLUN GmbH &amp; Co. KG,N/A,loc@ion.href,026 52499,2026-02-20,https://www.azubi.de/ausbildungsplatz/11475608-s-ausbildung-zum-maurer-m-w-d
Maurer/in,"Ausbildung zum Maurer (m/w/d) ab 01.09.2026
Albert Amos GmbH & Co.KG Bauunternehmung
01.09.2026
74336 Brackenheim
Duale Ausbildung",Albert Amos GmbH &amp; Co.KG Bauunternehmung,N/A,loc@ion.href,026 70435,2026-02-15,https://www.azubi.de/ausbildungsplatz/10723615-s-ausbildung-zum-maurer-m-w-d-ab-01-09-2026
Maurer/in,"Ausbildung 2026 - Maurer (m/w/d)
Antritt-Bau GmbH & Co. KG
01.09.2026
91722 Arberg
Neu
Duale Ausbildung",Antritt-Bau GmbH &amp; Co. KG,N/A,loc@ion.href,026 91572,2026-02-27,https://www.azubi.de/ausbildungsplatz/11638811-b-ausbildung-2026-maurer-m-w-d
Maurer/in,"01.09.2026 - Ausbildung zum Maurer (m/w/d)
Rendler Bau GmbH
01.09.2026
77656 Offenburg
Duale Ausbildung",Rendler Bau GmbH,N/A,loc@ion.href,026 77731,2026-02-26,https://www.azubi.de/ausbildungsplatz/11634980-b-01-09-2026-ausbildung-zum-maurer-m-w-d
Maurer/in,"Handwerk hat Zukunft!!!
Schröder + Fischer Bauausführungen GmbH
01.08.2026
23843 Bad Oldesloe
Duale Ausbildung",Schröder + Fischer Bauausführungen GmbH,N/A,loc@ion.href,026 23558,2026-02-25,https://www.azubi.de/ausbildungsplatz/11632391-b-handwerk-hat-zukunft
Maurer/in,"Ausbildung 2026 im Maurergewerbe ***Tariflohn***
Finke GmbH & Co. KG Bauunternehmen
01.08.2026
48496 Hopsten
Duale Ausbildung",Finke GmbH &amp; Co. KG Bauunternehmen,N/A,info@finke-bauunternehmung.com,026 48496,2026-02-25,https://www.azubi.de/ausbildungsplatz/11632318-b-ausbildung-2026-im-maurergewerbe-tariflohn
Maurer/in,"Wir stellen zum 01.09.2026 ein!
Poschinger Bauunternehmen e.K. Hoch-/Tiefbau
01.09.2026
94121 Salzweg
Duale Ausbildung",Poschinger Bauunternehmen e.K. Hoch-/Tiefbau,N/A,loc@ion.href,026 94036,2026-02-22,https://www.azubi.de/ausbildungsplatz/11622403-b-wir-stellen-zum-01-09-2026-ein
Maurer/in,"Maurer/in
Märklin Baugeschäft GmbH & Co. KG
01.09.2026
72348 Rosenfeld, Württemberg
Duale Ausbildung",Märklin Baugeschäft GmbH &amp; Co. KG,N/A,loc@ion.href,026 72348,2026-02-20,https://www.azubi.de/ausbildungsplatz/11616830-b-maurer-in
Maurer/in,"Auf uns kannst du bauen! Starte jetzt deine Ausbildung! Praktikum möglich!
Willi Iselborn GmbH u Co KG Bauunternehmung
03.08.2026
55543 Bad Kreuznach
Duale Ausbildung",Willi Iselborn GmbH u Co KG Bauunternehmung,N/A,loc@ion.href,026 55543,2026-02-20,https://www.azubi.de/ausbildungsplatz/11616750-b-auf-uns-kannst-du-bauen-starte-jetzt-deine-ausbildung-praktikum-moeglich
Maurer/in,"Maurer/in
Hilmer Bauunternehmen GmbH
01.09.2026
94327 Bogen, Niederbayern
Duale Ausbildung",Hilmer Bauunternehmen GmbH,N/A,loc@ion.href,026 94336,2026-02-19,https://www.azubi.de/ausbildungsplatz/11614348-b-maurer-in
Maurer/in,"Maurer/in
Urban Weber Bau GmbH
01.09.2026
86919 Utting am Ammersee
Duale Ausbildung",Urban Weber Bau GmbH,N/A,info@weberbau-utting.de,08806/9575105,2026-02-18,https://www.azubi.de/ausbildungsplatz/11608645-b-maurer-in
Maurer/in,"Maurer (m/w/d)
Karl Bürkle Baumeister GmbH & Co. KG
01.09.2026
70736 Fellbach, Württemberg
Duale Ausbildung",Karl Bürkle Baumeister GmbH &amp; Co. KG,N/A,team@buerkle-baugruppe.de,0711/ 95160,2026-02-18,https://www.azubi.de/ausbildungsplatz/11608756-b-maurer-m-w-d
Maurer/in,"Auszubildende gesucht: Maurer/in (m/w/d) oder Hochbaufacharbeiter/n (m/w/d) zum 01.08.2026
Baumeister Blume GmbH
01.08.2026
31303 Burgdorf, Kreis Hannover
Duale Ausbildung",Baumeister Blume GmbH,N/A,loc@ion.href,026 31303,2026-02-18,https://www.azubi.de/ausbildungsplatz/11608628-b-auszubildende-gesucht-maurer-in-m-w-d-oder-hochbaufacharbeiter-n-m-w-d-zum-01-08-2026
Maurer/in,"Ausbildung zur*m Maurer *in (m/w/d)
Knobelsdorff-Schule OSZ Bautechnik I Berufsfachschule
01.09.2026
13599 Berlin
Duale Ausbildung
Homeoffice möglich
Vollzeit/Teilzeit",Knobelsdorff-Schule OSZ Bautechnik I Berufsfachschule,N/A,loc@ion.href,030/33503 445,2026-02-13,https://www.azubi.de/ausbildungsplatz/11560631-b-ausbildung-zur-m-maurer-in-m-w-d
Maurer/in,"Du willst Mauerwerksprofi (m/w/d) werden❓ *Ausbildung 2026*
NATB GmbH
01.09.2026
18442 Lüssow bei Stralsund
Duale Ausbildung",NATB GmbH,N/A,info@natb.de,026 18442,2026-02-12,https://www.azubi.de/ausbildungsplatz/11554378-b-du-willst-mauerwerksprofi-m-w-d-werden-ausbildung-2026
Maurer/in,"Maurer (m/w/d) Azubi gesucht !
Dipl.-Ing.H.Bendl Hoch-und Tiefbau GmbH & Co.KG Sebnitz
01.08.2026
01855 Sebnitz
Duale Ausbildung",Dipl.-Ing.H.Bendl Hoch-und Tiefbau GmbH &amp; Co.KG Sebnitz,N/A,loc@ion.href,026 01847,2026-02-11,https://www.azubi.de/ausbildungsplatz/11548502-b-maurer-m-w-d-azubi-gesucht
Maurer/in,"2026: Maurer (m/w/d)
Stuck- und Sanierungs-GmbH Behrendt & Petzold
01.09.2026
08371 Glauchau
Duale Ausbildung",Stuck- und Sanierungs-GmbH Behrendt &amp; Petzold,N/A,loc@ion.href,026 09337,2026-02-11,https://www.azubi.de/ausbildungsplatz/11548517-b-2026-maurer-m-w-d
Maurer/in,"Maurerausbildung 2026 (m/w/d) - Praktikum möglich!
Cranen GmbH & Co.KG Bauunternehmen
01.08.2026
52499 Baesweiler
Duale Ausbildung",Cranen GmbH &amp; Co.KG Bauunternehmen,N/A,info@cranen.de,026 52146,2026-02-11,https://www.azubi.de/ausbildungsplatz/11548678-b-maurerausbildung-2026-m-w-d-praktikum-moeglich
Maurer/in,"Ausbildung 2026
Höhns-Bau GmbH & Co. KG
01.09.2026
27386 Bothel, Kreis Rotenburg, Wümme
Duale Ausbildung",Höhns-Bau GmbH &amp; Co. KG,N/A,loc@ion.href,026 27386,2026-02-08,https://www.azubi.de/ausbildungsplatz/11505496-b-ausbildung-2026
Maurer/in,"Maurer/in
Nikoleit Bau GmbH
01.08.2026
38448 Wolfsburg
Duale Ausbildung",Nikoleit Bau GmbH,N/A,loc@ion.href,026 38448,2026-02-07,https://www.azubi.de/ausbildungsplatz/11492198-b-maurer-in
Maurer/in,"Ausbildung 2026 Maurer (m/w/d)
BILGER - BAU G.M.B.H.
01.09.2026
76571 Gaggenau
Duale Ausbildung",BILGER - BAU G.M.B.H.,N/A,loc@ion.href,026 77815,2026-02-06,https://www.azubi.de/ausbildungsplatz/11475565-b-ausbildung-2026-maurer-m-w-d
Maurer/in,"Ausbildung zum Maurer (m/w/d) 2025/2026
Bertold Möller Baugesellschaft mbH&Co.KG
02.02.2026
23568 Lübeck
Duale Ausbildung",Bertold Möller Baugesellschaft mbH&amp;Co.KG,N/A,loc@ion.href,025/2026,2026-02-04,https://www.azubi.de/ausbildungsplatz/11449711-b-ausbildung-zum-maurer-m-w-d-2025-2026
Maurer/in,"Maurer/in
Mauz GmbH+Co. KG Bauunternehmung
01.09.2026
72393 Burladingen
Duale Ausbildung",Mauz GmbH+Co. KG Bauunternehmung,N/A,loc@ion.href,026 72393,2026-02-04,https://www.azubi.de/ausbildungsplatz/11449708-b-maurer-in
Maurer/in,"Ausbildung 2026 - Maurer/in (m/w/d)
Bernd Schneider Bau GmbH
01.09.2026
70736 Fellbach, Württemberg
Duale Ausbildung",Bernd Schneider Bau GmbH,N/A,info@schneiderbauoeffingen.de,026 70736,2026-02-04,https://www.azubi.de/ausbildungsplatz/11449771-b-ausbildung-2026-maurer-in-m-w-d
Maurer/in,"Interessante und abwechsungsreiche Ausbildung
Grotjahn Baugesellschaft mbH
01.08.2026
30982 Pattensen bei Hannover
Duale Ausbildung",Grotjahn Baugesellschaft mbH,N/A,service@nobis-hof.de,026 31180,01.08.2026,https://www.azubi.de/ausbildungsplatz/11417039-b-interessante-und-abwechsungsreiche-ausbildung
Maurer/in,"Ausbildung 2026: Maurer (m/w/d) – Praktikum möglich
Leberfinger Bau GmbH
01.09.2026
94550 Künzing
Duale Ausbildung",Leberfinger Bau GmbH,N/A,loc@ion.href,026 94508,2026-01-31,https://www.azubi.de/ausbildungsplatz/11414267-b-ausbildung-2026-maurer-m-w-d-praktikum-moeglich
Maurer/in,"*Azubi2026"" Maurer (m/w/d) mit Übernahmeaussichten
IDEAL-Bau Rühn GmbH
01.08.2026
18246 Rühn
Duale Ausbildung",IDEAL-Bau Rühn GmbH,N/A,loc@ion.href,026 18246,2026-01-31,https://www.azubi.de/ausbildungsplatz/11414379-b-azubi2026-maurer-m-w-d-mit-uebernahmeaussichten
Maurer/in,"**Ausbildung 2026** zum/zur Maurer/in (m/w/d) in Brakel- Istrup - Praktikum möglich
Allerkamp-Lücking GmbH & Co Bauunternehmen
01.08.2026
33034 Brakel, Westfalen
Duale Ausbildung",Allerkamp-Lücking GmbH &amp; Co Bauunternehmen,N/A,loc@ion.href,026 33034,2026-01-30,https://www.azubi.de/ausbildungsplatz/11409258-b-ausbildung-2026-zum-zur-maurer-in-m-w-d-in-brakel-istrup-praktikum-moeglich
Maurer/in,"Ausbildung Maurer-/in 20256(m/w/d)
Leo Hüwels Bauunternehmung
01.08.2026
46149 Oberhausen, Rheinland
Duale Ausbildung",Leo Hüwels Bauunternehmung,N/A,loc@ion.href,025 47167,2026-01-30,https://www.azubi.de/ausbildungsplatz/11409445-b-ausbildung-maurer-in-20256-m-w-d
Maurer/in,"Ausbildung 2026
Setz, Christof
01.08.2026
55743 Idar-Oberstein
Duale Ausbildung","Setz, Christof",N/A,loc@ion.href,025 55743,2026-01-29,https://www.azubi.de/ausbildungsplatz/11398473-b-ausbildung-2026
Maurer/in,"AUSBILDUNG 2026
Bauunternehmung Kolb GmbH
01.08.2026
66459 Kirkel
Duale Ausbildung",Bauunternehmung Kolb GmbH,N/A,loc@ion.href,026 66280,2026-01-29,https://www.azubi.de/ausbildungsplatz/11398358-b-ausbildung-2026
Maurer/in,"Ausbildung 2026
Tom Dautermann Bauunternehmen GmbH
01.08.2026
55758 Hottenbach
Duale Ausbildung",Tom Dautermann Bauunternehmen GmbH,N/A,loc@ion.href,025 55743,2026-01-28,https://www.azubi.de/ausbildungsplatz/11392073-b-ausbildung-2026
Maurer/in,"Ausbildung *2026* zum/zur Maurer/-in (m/w/d)
Dieter Markus
01.08.2026
33034 Brakel, Westfalen
Duale Ausbildung",Dieter Markus,N/A,loc@ion.href,026 33034,2026-01-28,https://www.azubi.de/ausbildungsplatz/11391985-b-ausbildung-2026-zum-zur-maurer-in-m-w-d
Maurer/in,"Ausbildung zum Maurer/in
Groth-Bau GmbH Bauunternehmung
01.08.2026
21244 Buchholz in der Nordheide
Duale Ausbildung",Groth-Bau GmbH Bauunternehmung,N/A,bewerbungen@groth-baugmbh.de,026 21423,2026-01-23,https://www.azubi.de/ausbildungsplatz/11363698-b-ausbildung-zum-maurer-in
Maurer/in,"Ausbildung als Maurer 2026 in Neustrelitz!
Neuhaus Bauunternehmen GmbH & Co. KG
01.09.2026
17235 Neustrelitz
Duale Ausbildung",Neuhaus Bauunternehmen GmbH &amp; Co. KG,N/A,loc@ion.href,026 17235,2026-01-22,https://www.azubi.de/ausbildungsplatz/11349668-b-ausbildung-als-maurer-2026-in-neustrelitz
Maurer/in,"Maurer/in
Wrobel Bauunternehmen GmbH
01.08.2026
24855 Jübek
Duale Ausbildung",Wrobel Bauunternehmen GmbH,N/A,loc@ion.href,026 24855,2026-01-21,https://www.azubi.de/ausbildungsplatz/11340323-b-maurer-in
Maurer/in,"Maurer/in
Dieter Brechtelsbauer Bauunternehmung GmbH & Co KG
01.09.2026
90599 Dietenhofen, Mittelfranken
Duale Ausbildung",Dieter Brechtelsbauer Bauunternehmung GmbH &amp; Co KG,N/A,loc@ion.href,026 90599,2026-01-18,https://www.azubi.de/ausbildungsplatz/11331979-b-maurer-in
Maurer/in,"**Ausbildung 2026**
Günther Busch Bauunternehmung GmbH
01.08.2026
49377 Vechta
Duale Ausbildung",Günther Busch Bauunternehmung GmbH,N/A,loc@ion.href,026 49401,2026-01-18,https://www.azubi.de/ausbildungsplatz/11331860-b-ausbildung-2026
Maurer/in,"Azubi Maurer (m/w/d)
PS Peters, Schulz GmbH
01.09.2026
29378 Wittingen, Niedersachsen
Duale Ausbildung","PS Peters, Schulz GmbH",N/A,loc@ion.href,026 29378,2026-01-18,https://www.azubi.de/ausbildungsplatz/11331800-b-azubi-maurer-m-w-d
Maurer/in,"Ausbildung 2026 - Maurer/in (m/w/d)
BEHNE BAUUNTERNEHMEN - Kai Behne
01.08.2026
29378 Wittingen, Niedersachsen
Duale Ausbildung",BEHNE BAUUNTERNEHMEN - Kai Behne,N/A,loc@ion.href,026 29378,2026-01-18,https://www.azubi.de/ausbildungsplatz/11331797-b-ausbildung-2026-maurer-in-m-w-d
Maurer/in,"Ausbildung 2026 Maurer/in (m/w/d)
HDFB Hoch-, Dach- und Fassadenbau GmbH
01.08.2026
17509 Kemnitz bei Greifswald
Duale Ausbildung","HDFB Hoch-, Dach- und Fassadenbau GmbH",N/A,loc@ion.href,026 17509,2026-01-18,https://www.azubi.de/ausbildungsplatz/11331913-b-ausbildung-2026-maurer-in-m-w-d
Maurer/in,"Ausbildung 2026(nur Bewerber/innen mit geklärtem Aufenthaltsstatus)
Gebrüder Flechsig Bau GmbH & Co. KG
17.08.2026
09618 Brand-Erbisdorf
Duale Ausbildung",Gebrüder Flechsig Bau GmbH &amp; Co. KG,N/A,gebrueder@bau-flechsig.de,026 09577,2026-01-18,https://www.azubi.de/ausbildungsplatz/11331891-b-ausbildung-2026-nur-bewerber-innen-mit-geklaertem-aufenthaltsstatus
Maurer/in,"* Ausbildung 2026 *
Reck BauUnternehmen GmbH
01.09.2026
73486 Adelmannsfelden
Duale Ausbildung",Reck BauUnternehmen GmbH,N/A,loc@ion.href,026 73460,2026-01-17,https://www.azubi.de/ausbildungsplatz/11319309-b-ausbildung-2026
Maurer/in,"*Ausbildung 2026*
Matthias Kuck Bauausführungen GmbH
01.08.2026
23554 Lübeck
Duale Ausbildung",Matthias Kuck Bauausführungen GmbH,N/A,loc@ion.href,026 23558,2026-01-15,https://www.azubi.de/ausbildungsplatz/11292901-b-ausbildung-2026
Maurer/in,"Maurer/in (m/w/d)
Max Templer Bau GmbH
01.09.2026
92345 Dietfurt an der Altmühl
Duale Ausbildung",Max Templer Bau GmbH,N/A,loc@ion.href,026 92364,2026-01-10,https://www.azubi.de/ausbildungsplatz/11267907-b-maurer-in-m-w-d
Maurer/in,"Maurer/in (m/w/d)
Keckl Bauunternehmen GmbH
01.09.2026
92364 Deining, Oberpfalz
Duale Ausbildung",Keckl Bauunternehmen GmbH,N/A,info@keckl-bau.de,09184-358,2026-01-10,https://www.azubi.de/ausbildungsplatz/11267922-b-maurer-in-m-w-d
Maurer/in,"Ausbildung 2026 Maurer (m/w/d) oder zum Hochbau- Facharbeiter
MIB Märkische Ing. Bau GmbH
01.08.2026
16269 Wriezen
Duale Ausbildung",MIB Märkische Ing. Bau GmbH,N/A,buero@mib-wriezen.de,026 16269,2025-12-25,https://www.azubi.de/ausbildungsplatz/11177478-b-ausbildung-2026-maurer-m-w-d-oder-zum-hochbau-facharbeiter
Maurer/in,"Ausbildung 2026 zum/zur Maurer/in (m/w/d) in Höxter - Praktikum möglich
Hemesoth GmbH & Co. KG
01.08.2026
37671 Höxter
Duale Ausbildung",Hemesoth GmbH &amp; Co. KG,N/A,loc@ion.href,026 37671,2025-12-25,https://www.azubi.de/ausbildungsplatz/11177486-b-ausbildung-2026-zum-zur-maurer-in-m-w-d-in-hoexter-praktikum-moeglich
Maurer/in,"Ausbildung zum Maurer/in (m/w/d) 2026 - Praktikum möglich
Udo Boenke
01.08.2026
34434 Borgentreich
Duale Ausbildung",Udo Boenke,N/A,loc@ion.href,026 34434,2025-12-24,https://www.azubi.de/ausbildungsplatz/11168602-b-ausbildung-zum-maurer-in-m-w-d-2026-praktikum-moeglich
Maurer/in,"Ausbildung Maurer (m/w/d) - 2026 *laufender Einstieg möglich*
Dietmar Bertsche Bauunternehmen
01.09.2026
88682 Salem, Baden
Duale Ausbildung",Dietmar Bertsche Bauunternehmen,N/A,loc@ion.href,026 88213,2025-12-20,https://www.azubi.de/ausbildungsplatz/11143352-b-ausbildung-maurer-m-w-d-2026-laufender-einstieg-moeglich
Maurer/in,"Maurer (m/w/d) Ausbildungsstelle 2026 - Praktikum möglich
Dobler GmbH & Co. KG Bauunternehmung
01.08.2026
87600 Kaufbeuren
Duale Ausbildung",Dobler GmbH &amp; Co. KG Bauunternehmung,N/A,loc@ion.href,026 87600,2025-12-20,https://www.azubi.de/ausbildungsplatz/11143233-b-maurer-m-w-d-ausbildungsstelle-2026-praktikum-moeglich
Maurer/in,"Ausbildung zum Maurer (m/w/d) 2026 in Neustrelitz!
MMT GmbH
01.09.2026
17235 Neustrelitz
Duale Ausbildung",MMT GmbH,N/A,loc@ion.href,026 17235,2025-12-20,https://www.azubi.de/ausbildungsplatz/11143365-b-ausbildung-zum-maurer-m-w-d-2026-in-neustrelitz
Maurer/in,"*2026* Ausbildung zum Maurer (m/w/d)
Meinen GmbH Bauunternehmen
01.08.2026
26409 Wittmund
Duale Ausbildung",Meinen GmbH Bauunternehmen,N/A,info@meinen-bau.de,04973-202,2025-12-19,https://www.azubi.de/ausbildungsplatz/11134321-b-2026-ausbildung-zum-maurer-m-w-d
Maurer/in,"Ausbildung 2026_Maurer/in (m/w/d)_Praktikum möglich
Mühlberger Bau GmbH
01.09.2026
94166 Stubenberg, Niederbayern
Duale Ausbildung",Mühlberger Bau GmbH,N/A,loc@ion.href,026 84489,2025-12-19,https://www.azubi.de/ausbildungsplatz/11134408-b-ausbildung-2026_maurer-in-m-w-d-_praktikum-moeglich
Maurer/in,"Ausbildung 2026_Maurer/in (m/w/d)_Praktikum möglich
Alois Niedermeier GmbH
01.09.2026
84326 Falkenberg, Niederbayern
Duale Ausbildung",Alois Niedermeier GmbH,N/A,loc@ion.href,026 94439,2025-12-19,https://www.azubi.de/ausbildungsplatz/11134399-b-ausbildung-2026_maurer-in-m-w-d-_praktikum-moeglich
Maurer/in,"Maurer/in
Andreas Schmelzer Bau GmbH
01.09.2026
91639 Wolframs-Eschenbach
Duale Ausbildung",Andreas Schmelzer Bau GmbH,N/A,info@schmelzer-bau.de,026 91586,2025-12-13,https://www.azubi.de/ausbildungsplatz/11093858-b-maurer-in
Maurer/in,"Maurer/in
Birkel Bau GmbH
01.09.2026
91522 Ansbach, Mittelfranken
Duale Ausbildung",Birkel Bau GmbH,N/A,loc@ion.href,026 91522,2025-12-12,https://www.azubi.de/ausbildungsplatz/11085526-b-maurer-in
Maurer/in,"Ausbildung 2026
Hermann Schütt Hoch- und Tiefbau Schwerin GmbH & Co.KG
01.09.2026
19061 Schwerin, Mecklenburg
Duale Ausbildung",Hermann Schütt Hoch- und Tiefbau Schwerin GmbH &amp; Co.KG,N/A,loc@ion.href,026 19089,2025-12-12,https://www.azubi.de/ausbildungsplatz/11085420-b-ausbildung-2026
Maurer/in,"Ausbildung 2026 - vom Hochbaufacharbeiter zum Maurer. Beruf mit Zukunft.
Baugeschäft R. Grzebiela GmbH
19.02.2026
19230 Hagenow
Duale Ausbildung",Baugeschäft R. Grzebiela GmbH,N/A,loc@ion.href,026 19230,2025-12-11,https://www.azubi.de/ausbildungsplatz/11060300-b-ausbildung-2026-vom-hochbaufacharbeiter-zum-maurer-beruf-mit-zukunft
Maurer/in,"Azubi Maurer- und Betonbauerhandwerk (m/w/d) - Praktikum möglich
Konrad Roland Bau GmbH
01.09.2026
94439 Roßbach, Niederbayern
Duale Ausbildung",Konrad Roland Bau GmbH,N/A,loc@ion.href,08547 91542-33,2025-12-11,https://www.azubi.de/ausbildungsplatz/11060405-b-azubi-maurer-und-betonbauerhandwerk-m-w-d-praktikum-moeglich
Maurer/in,"Ausbildung zum Maurer / Hochbaufacharbeiter (m/w/d)
Wohnbau Weidenbach GmbH
01.09.2026
91746 Weidenbach, Mittelfranken
Duale Ausbildung",Wohnbau Weidenbach GmbH,N/A,loc@ion.href,026 91586,2025-12-11,https://www.azubi.de/ausbildungsplatz/11060383-b-ausbildung-zum-maurer-hochbaufacharbeiter-m-w-d
Maurer/in,"Maurer/in
Heier & Heier Baugesellschaft mbH & Co. KG
01.08.2026
18190 Sanitz bei Rostock
Duale Ausbildung",Heier &amp; Heier Baugesellschaft mbH &amp; Co. KG,N/A,loc@ion.href,026 18190,2025-12-10,https://www.azubi.de/ausbildungsplatz/11054798-b-maurer-in
Maurer/in,"Ausbildung zum Hochbaufacharbeiter/ Maurer (m/ w/ d) *** Start 2026***
Bauer Bauunternehmen GmbH
01.08.2026
99189 Walschleben+ 2 weitere
Duale Ausbildung",Bauer Bauunternehmen GmbH,N/A,jobs@bauerunternehmensgruppe.de,+49 36201 642- 0,2025-12-10,https://www.azubi.de/ausbildungsplatz/11054739-b-ausbildung-zum-hochbaufacharbeiter-maurer-m-w-d-start-2026
Maurer/in,"Ausbildung 2026
Hermann Stark Bauunternehmen GmbH
01.09.2026
88436 Eberhardzell
Duale Ausbildung",Hermann Stark Bauunternehmen GmbH,N/A,loc@ion.href,0171 5862338,2025-12-10,https://www.azubi.de/ausbildungsplatz/11054680-b-ausbildung-2026
Maurer/in,"Ausbildung 2026 Maurer/in (m/w/d)
Gebrüder Schliesser Bauunternehmung GmbH + Co. KG
01.09.2026
88489 Wain
Duale Ausbildung",Gebrüder Schliesser Bauunternehmung GmbH + Co. KG,N/A,loc@ion.href,026 88487,2025-12-10,https://www.azubi.de/ausbildungsplatz/11054874-b-ausbildung-2026-maurer-in-m-w-d
Maurer/in,"Maurer/in
Denkmalpflege Mühlhausen Huschenbeth GmbH & Co KG
01.08.2026
99974 Mühlhausen/Thüringen
Duale Ausbildung",Denkmalpflege Mühlhausen Huschenbeth GmbH &amp; Co KG,N/A,loc@ion.href,026 99998,2025-12-06,https://www.azubi.de/ausbildungsplatz/11015598-b-maurer-in
Maurer/in,"Ausbildung 2026
Eder-Bau- GmbH
01.09.2026
94508 Schöllnach
Duale Ausbildung",Eder-Bau- GmbH,N/A,loc@ion.href,026 94530,2025-12-06,https://www.azubi.de/ausbildungsplatz/11015623-b-ausbildung-2026
Maurer/in,"Maurer/in 2026
DDK Hausbau GmbH
01.09.2026
04932 Röderland
Duale Ausbildung",DDK Hausbau GmbH,N/A,loc@ion.href,026 04758,2025-12-06,https://www.azubi.de/ausbildungsplatz/11015641-b-maurer-in-2026
Maurer/in,"Azubi Maurer 2026 (gn)
REAKU Spezialbau GmbH
01.08.2026
39114 Magdeburg
Duale Ausbildung",REAKU Spezialbau GmbH,N/A,isolierm@erialien.dein,026 39114,2025-12-06,https://www.azubi.de/ausbildungsplatz/11015570-b-azubi-maurer-2026-gn
Maurer/in,"Ausbildung zum Maurer (m/w/d) *2026*
Andreas Zimmermann GmbH
01.08.2026
01768 Glashütte, Sachsen
Duale Ausbildung",Andreas Zimmermann GmbH,N/A,b.zimmermann@zimmermann-bau.com,026 01796,2025-12-04,https://www.azubi.de/ausbildungsplatz/10991800-b-ausbildung-zum-maurer-m-w-d-2026
Maurer/in,"Ausbildung 2026 Maurer (m/w/d)
Fa.Max Habrik GmbH & Co. KG Bauunternehmen
01.09.2026
88416 Ochsenhausen
Duale Ausbildung",Fa.Max Habrik GmbH &amp; Co. KG Bauunternehmen,N/A,info@habrik-bau.de,026 88400,2025-12-03,https://www.azubi.de/ausbildungsplatz/10983459-b-ausbildung-2026-maurer-m-w-d
Maurer/in,"Ausbildung 2026 - Maurer (m/w/d)
KDM Massivbau GmbH & Co. KG
01.09.2026
91575 Windsbach
Duale Ausbildung",KDM Massivbau GmbH &amp; Co. KG,N/A,info@kdm-massivbau.de,026 91575,2025-12-03,https://www.azubi.de/ausbildungsplatz/10983495-b-ausbildung-2026-maurer-m-w-d
Maurer/in,"Ausbildung 2026 / auch Wechsler/innen (m/w/d) ab 2. Lehrjahr!
COSA BAU GmbH
01.08.2026
30419 Hannover
Duale Ausbildung",COSA BAU GmbH,N/A,info@cosabau.de,026 30982,2025-11-30,https://www.azubi.de/ausbildungsplatz/10966188-b-ausbildung-2026-auch-wechsler-innen-m-w-d-ab-2-lehrjahr
Maurer/in,"Ausbildung 2026 Maurer/in (mw/d) I Praktikum möglich
Dirk Schroll
05.02.2026
47918 Tönisvorst
Duale Ausbildung",Dirk Schroll,N/A,dirk.schroll@t-online.de,01629723570,2025-11-30,https://www.azubi.de/ausbildungsplatz/10966085-b-ausbildung-2026-maurer-in-mw-d-i-praktikum-moeglich
Maurer/in,"Maurer/in
Wohnbauzentrum Mühlbauer GmbH
01.09.2026
94374 Schwarzach, Niederbayern
Duale Ausbildung",Wohnbauzentrum Mühlbauer GmbH,N/A,loc@ion.href,026 94336,2025-11-30,https://www.azubi.de/ausbildungsplatz/10966133-b-maurer-in
Maurer/in,"Maurer (m/w/d)
C. S. Bau GmbH
01.09.2026
94336 Windberg, Niederbayern
Duale Ausbildung",C. S. Bau GmbH,N/A,loc@ion.href,026 94327,2025-11-30,https://www.azubi.de/ausbildungsplatz/10966076-b-maurer-m-w-d
Maurer/in,"Azubi zum Maurer (m/w/d) 2026 gesucht !
FUNK Bauunternehmung GmbH
01.08.2026
01847 Lohmen, Sachsen
Duale Ausbildung",FUNK Bauunternehmung GmbH,N/A,loc@ion.href,026 01796,2025-11-29,https://www.azubi.de/ausbildungsplatz/10960084-b-azubi-zum-maurer-m-w-d-2026-gesucht
Maurer/in,"Ausbildung 2026
Bärdges Bauunternehmung GmbH
01.08.2026
55743 Idar-Oberstein
Duale Ausbildung",Bärdges Bauunternehmung GmbH,N/A,loc@ion.href,025 55743,2025-11-29,https://www.azubi.de/ausbildungsplatz/10960063-b-ausbildung-2026
Maurer/in,"Auszubildender Maurer (w/m/d)
WOLFF & MÜLLER Holding GmbH&Co.KG Service-Einheiten (Hauptverwaltung)
01.08.2026
01159 Dresden
Duale Ausbildung",WOLFF &amp; MÜLLER Holding GmbH&amp;Co.KG Service-Einheiten (Hauptverwaltung),N/A,loc@ion.href,026 01847,2025-11-28,https://www.azubi.de/ausbildungsplatz/10951002-b-auszubildender-maurer-w-m-d
Maurer/in,"Ausbildung 2026 - Maurer/in (m/w/d)
Kunstreich Bauunternehmengesellschaft mbH
01.08.2026
26409 Wittmund
Duale Ausbildung",Kunstreich Bauunternehmengesellschaft mbH,N/A,loc@ion.href,026 26409,2025-11-28,https://www.azubi.de/ausbildungsplatz/10950973-b-ausbildung-2026-maurer-in-m-w-d
Maurer/in,"Azubis 2026 zum/r Maurer/in (m/w/d) gesucht
Baugesellschaft Börnsen mbH
01.08.2026
21502 Hamwarde
Duale Ausbildung",Baugesellschaft Börnsen mbH,N/A,info@bbmbh.de,04152 88 88 0 - 0,2025-11-28,https://www.azubi.de/ausbildungsplatz/10950868-b-azubis-2026-zum-r-maurer-in-m-w-d-gesucht
Maurer/in,"Ausbildung 2026: Maurer (m/w/d)
Fensterle Bauunternehmen GmbH
01.09.2026
88521 Ertingen
Duale Ausbildung",Fensterle Bauunternehmen GmbH,N/A,bewerbung@fensterle.de,026 88525,2025-11-27,https://www.azubi.de/ausbildungsplatz/10947073-b-ausbildung-2026-maurer-m-w-d
Maurer/in,"Ausbildung 2026 - Maurer (m/w/d)
Frank Dressel Bauunternehmen GmbH
27.11.2025
96450 Coburg
Duale Ausbildung",Frank Dressel Bauunternehmen GmbH,N/A,loc@ion.href,025 96231,2025-11-27,https://www.azubi.de/ausbildungsplatz/10947016-b-ausbildung-2026-maurer-m-w-d
Maurer/in,"Ausbildung zum Maurer (m/w/d)
DECKER GmbH & Co. KG BAUUNTERNEHMUNG
01.09.2026
72362 Nusplingen, Württemberg
Duale Ausbildung",DECKER GmbH &amp; Co. KG BAUUNTERNEHMUNG,N/A,bewerbung@decker-bau.de,026 72469,2025-11-26,https://www.azubi.de/ausbildungsplatz/10941304-b-ausbildung-zum-maurer-m-w-d
Maurer/in,"Baue deine Zukunft selbst - Ausbildung zum Maurer (m/w/d) 2026
abakon Baukonzept GmbH
01.09.2026
12623 Berlin
Duale Ausbildung",abakon Baukonzept GmbH,N/A,info@abakon-berlin.de,026 10318,2025-11-26,https://www.azubi.de/ausbildungsplatz/10941264-b-baue-deine-zukunft-selbst-ausbildung-zum-maurer-m-w-d-2026
Maurer/in,"Ausbildung zum Maurer (m/w/d) 2026 in Pirna
Lohmen Bau Pirna GmbH
01.08.2026
01796 Pirna
Duale Ausbildung",Lohmen Bau Pirna GmbH,N/A,loc@ion.href,026 01847,2025-11-26,https://www.azubi.de/ausbildungsplatz/10941339-b-ausbildung-zum-maurer-m-w-d-2026-in-pirna
Maurer/in,"Ausbildung 2026
KEDING BAU GmbH
01.08.2026
31275 Lehrte bei Hannover
Duale Ausbildung",KEDING BAU GmbH,N/A,loc@ion.href,026 31303,2025-11-26,https://www.azubi.de/ausbildungsplatz/10941291-b-ausbildung-2026
Maurer/in,"Ausbildung zum Maurer/ Stahlbetonbauer (m/w/d) 2026
GermannBau 2000 GmbH
01.08.2026
88374 Hoßkirch
Duale Ausbildung",GermannBau 2000 GmbH,N/A,loc@ion.href,026 88422,2025-11-21,https://www.azubi.de/ausbildungsplatz/10913071-b-ausbildung-zum-maurer-stahlbetonbauer-m-w-d-2026
Maurer/in,"Auszubildende/r zum Maurer/in (m/w/d)
Malesevic Bauunternehmung GmbH
03.12.2025
47445 Moers
Duale Ausbildung",Malesevic Bauunternehmung GmbH,N/A,info@malesevic-bau.de,025 47167,2025-11-21,https://www.azubi.de/ausbildungsplatz/10912805-b-auszubildende-r-zum-maurer-in-m-w-d
Maurer/in,"[AUSBILDUNG 2026] BAU DIR DEINE ZUKUNFT...
P.A. Budau GmbH & Co. KG Bauunternehmung
17.02.2026
55743 Idar-Oberstein
Duale Ausbildung",P.A. Budau GmbH &amp; Co. KG Bauunternehmung,N/A,bewerbungen@budau.com,06781/943-34,2025-11-21,https://www.azubi.de/ausbildungsplatz/10913004-b-ausbildung-2026-bau-dir-deine-zukunft
Maurer/in,"Ausbildung 2026 - Maurer (m/w/d)
Auerochs GmbH Bauunternehmen Transportbeton
01.09.2026
90599 Dietenhofen, Mittelfranken
Duale Ausbildung",Auerochs GmbH Bauunternehmen Transportbeton,N/A,loc@ion.href,026 90599,2025-11-21,https://www.azubi.de/ausbildungsplatz/10912723-b-ausbildung-2026-maurer-m-w-d
Maurer/in,"Ausbildung 2026 Maurer (m/w/d) - Praktikum möglich -
Heller Baugesellschaft mbH
01.08.2026
66280 Sulzbach, Saar
Duale Ausbildung",Heller Baugesellschaft mbH,N/A,loc@ion.href,026 66459,2025-11-21,https://www.azubi.de/ausbildungsplatz/10912587-b-ausbildung-2026-maurer-m-w-d-praktikum-moeglich
Maurer/in,"Ausbildung 2026
Josef Runnebaum GmbH & Co.KG
01.08.2026
49401 Damme, Dümmer
Duale Ausbildung",Josef Runnebaum GmbH &amp; Co.KG,N/A,loc@ion.href,026 49377,2025-11-21,https://www.azubi.de/ausbildungsplatz/10912655-b-ausbildung-2026
Maurer/in,"Maurer-Azubi 2026 - Werde Teil des Handwerks und bewirb dich bei uns!
Utke Bau GmbH
01.09.2026
17166 Teterow
Duale Ausbildung",Utke Bau GmbH,N/A,arbeitspl@z.zu,026 17166,2025-11-21,https://www.azubi.de/ausbildungsplatz/10912891-b-maurer-azubi-2026-werde-teil-des-handwerks-und-bewirb-dich-bei-uns
Maurer/in,"Ausbildung 2026
RIFFEL BAU FERTIGTEILE GmbH
01.09.2026
89561 Dischingen
Duale Ausbildung",RIFFEL BAU FERTIGTEILE GmbH,N/A,loc@ion.href,026 89564,2025-11-19,https://www.azubi.de/ausbildungsplatz/10901456-b-ausbildung-2026
Maurer/in,"Ausbildungsplatz 2026
Mattex Bau GmbH
01.09.2026
86911 Dießen am Ammersee
Duale Ausbildung",Mattex Bau GmbH,N/A,loc@ion.href,026 86919,2025-11-19,https://www.azubi.de/ausbildungsplatz/10901348-b-ausbildungsplatz-2026
Maurer/in,"Ausbildung 2026 Langzeitpraktikum/EQJ /Umschulung möglich!
Adrian Vonhoegen GmbH & Co. KG
01.08.2026
52146 Würselen
Duale Ausbildung",Adrian Vonhoegen GmbH &amp; Co. KG,N/A,kontakt@vonhoegen-bau.de,02405 475 474,2025-11-19,https://www.azubi.de/ausbildungsplatz/10901375-b-ausbildung-2026-langzeitpraktikum-eqj-umschulung-moeglich
Maurer/in,"Ausbildung 2026
Bronner Armin
01.09.2026
89601 Schelklingen
Duale Ausbildung",Bronner Armin,N/A,loc@ion.href,026 89079,2025-11-15,https://www.azubi.de/ausbildungsplatz/10879425-b-ausbildung-2026
Maurer/in,"Ausbildung 2026
Alexander Kreuzkam
01.08.2026
31180 Giesen bei Hildesheim
Duale Ausbildung",Alexander Kreuzkam,N/A,loc@ion.href,026 31191,2025-11-14,https://www.azubi.de/ausbildungsplatz/10870569-b-ausbildung-2026
Maurer/in,"Ausbildung zum Maurer (m/w/d) - 2026
Grundhöfer GmbH & Co. KG Baubetrieb
01.08.2026
54314 Zerf
Duale Ausbildung",Grundhöfer GmbH &amp; Co. KG Baubetrieb,N/A,loc@ion.href,026 54314,2025-11-14,https://www.azubi.de/ausbildungsplatz/10870683-b-ausbildung-zum-maurer-m-w-d-2026
Maurer/in,"Ausbildung 2026 - Maurer/in (m/w/d)
Bau Hartmann GmbH & Co. KG
01.09.2026
96138 Burgebrach
Duale Ausbildung",Bau Hartmann GmbH &amp; Co. KG,N/A,info@bau-hartmann.de,026 96178,2025-11-14,https://www.azubi.de/ausbildungsplatz/10870735-b-ausbildung-2026-maurer-in-m-w-d
Maurer/in,"Ausbildung 2026 - Maurer/in (m/w/d)
Walfried Schmittnaegel GmbH & Co. KG
01.09.2026
96346 Wallenfels, Oberfranken
Duale Ausbildung",Walfried Schmittnaegel GmbH &amp; Co. KG,N/A,loc@ion.href,026 96224,2025-11-14,https://www.azubi.de/ausbildungsplatz/10870677-b-ausbildung-2026-maurer-in-m-w-d
Maurer/in,"Ausbildung 2026 zum/r Maurer/in (m/w/d)
Glaser Bauunternehmen GmbH & Co. KG
01.09.2026
88487 Mietingen
Duale Ausbildung",Glaser Bauunternehmen GmbH &amp; Co. KG,N/A,loc@ion.href,07356/2270,2025-11-14,https://www.azubi.de/ausbildungsplatz/10870781-b-ausbildung-2026-zum-r-maurer-in-m-w-d
Maurer/in,"Auszubildende 2026 zum/zur Maurer/in (w/m/d)
Schmitt GmbH
01.09.2026
97494 Bundorf
Duale Ausbildung",Schmitt GmbH,N/A,loc@ion.href,026 97496,2025-11-13,https://www.azubi.de/ausbildungsplatz/10856183-b-auszubildende-2026-zum-zur-maurer-in-w-m-d
Maurer/in,"Auszubildende 2026 zum/zur Maurer/in
Mario Eller GmbH
01.09.2026
97539 Wonfurt
Duale Ausbildung",Mario Eller GmbH,N/A,loc@ion.href,026 97531,2025-11-13,https://www.azubi.de/ausbildungsplatz/10856387-b-auszubildende-2026-zum-zur-maurer-in
Maurer/in,"Ausbildung 2026 - Mauer/in (m|w|d)
Baugeschäft, Betonwerk u. Bau- stoffhandel Klaus Oehler e.K. Inhaber: Thomas Oehler
01.08.2026
07907 Schleiz
Duale Ausbildung","Baugeschäft, Betonwerk u. Bau- stoffhandel Klaus Oehler e.K. Inhaber: Thomas Oehler",N/A,loc@ion.href,026 07907,2025-11-12,https://www.azubi.de/ausbildungsplatz/10854054-b-ausbildung-2026-mauer-in-m-w-d
Maurer/in,"**Ausbildung 2026** zum Maurer (m/w/d) in Steinheim - Praktikum möglich
Uslu Baugeschäft GmbH & Co.KG
01.08.2026
32839 Steinheim, Westfalen
Duale Ausbildung",Uslu Baugeschäft GmbH &amp; Co.KG,N/A,loc@ion.href,026 33034,2025-11-12,https://www.azubi.de/ausbildungsplatz/10854033-b-ausbildung-2026-zum-maurer-m-w-d-in-steinheim-praktikum-moeglich
Maurer/in,"Ausbildung Maurer (m/w/d) 2026
Groth & Co. Neustrelitz Bauunternehmung GmbH
01.08.2026
17235 Neustrelitz
Duale Ausbildung",Groth &amp; Co. Neustrelitz Bauunternehmung GmbH,N/A,loc@ion.href,026 17235,2025-11-09,https://www.azubi.de/ausbildungsplatz/10839670-b-ausbildung-maurer-m-w-d-2026
Maurer/in,"Ausbildung zum/r Maurer/in
Bau-Eisen Hans Eisen GmbH Baugeschäft
01.09.2026
91719 Heidenheim, Mittelfranken
Duale Ausbildung",Bau-Eisen Hans Eisen GmbH Baugeschäft,N/A,loc@ion.href,026 91722,2025-11-09,https://www.azubi.de/ausbildungsplatz/10839681-b-ausbildung-zum-r-maurer-in
Maurer/in,"Ausbildung 2026 - MAURER (m/w/d)
Hans Bürkel Bauunternehmung GmbH
01.09.2026
91629 Weihenzell
Duale Ausbildung",Hans Bürkel Bauunternehmung GmbH,N/A,loc@ion.href,026 90599,2025-11-09,https://www.azubi.de/ausbildungsplatz/10839716-b-ausbildung-2026-maurer-m-w-d
Maurer/in,"Azubi zum Maurer 2026 (m/w/d)
Moezer GmbH
01.09.2026
91586 Lichtenau, Mittelfranken
Duale Ausbildung",Moezer GmbH,N/A,loc@ion.href,026 91586,2025-11-09,https://www.azubi.de/ausbildungsplatz/10839706-b-azubi-zum-maurer-2026-m-w-d
Maurer/in,"Wir bieten einen Ausbildungsplatz als Maurer/in (m/w/d) an - 2027 - Praktikum möglich
Streber Bau GmbH Bauunternehmung
01.09.2027
95676 Wiesau
Duale Ausbildung",Streber Bau GmbH Bauunternehmung,N/A,loc@ion.href,026 95676,2025-11-08,https://www.azubi.de/ausbildungsplatz/10826724-b-wir-bieten-einen-ausbildungsplatz-als-maurer-in-m-w-d-an-2027-praktikum-moeglich
Maurer/in,"Ausbildung zum Maurer (m/w/d)
Ehemann Planen & Bauen GmbH
01.09.2026
91604 Flachslanden, Mittelfranken
Duale Ausbildung",Ehemann Planen &amp; Bauen GmbH,N/A,loc@ion.href,026 91629,2025-11-07,https://www.azubi.de/ausbildungsplatz/10825186-b-ausbildung-zum-maurer-m-w-d
Maurer/in,"Ausbildung 2026 - Maurer (m/w/d)
Hans Moser Bau GmbH
01.09.2026
91560 Heilsbronn
Duale Ausbildung",Hans Moser Bau GmbH,N/A,loc@ion.href,026 91564,2025-11-07,https://www.azubi.de/ausbildungsplatz/10825191-b-ausbildung-2026-maurer-m-w-d
Maurer/in,"Ausbildung 2026
Page Bauunternehmen GmbH
01.08.2026
19372 Brunow bei Parchim
Duale Ausbildung",Page Bauunternehmen GmbH,N/A,loc@ion.href,026 19372,2025-11-06,https://www.azubi.de/ausbildungsplatz/10823765-b-ausbildung-2026
Maurer/in,"Auszubildende 2026 zum/r Maurer/in (m/w/d).
Newo-Bau GmbH Tiefbau Horhausen
01.09.2026
97531 Theres
Duale Ausbildung",Newo-Bau GmbH Tiefbau Horhausen,N/A,loc@ion.href,026 97539,2025-11-05,https://www.azubi.de/ausbildungsplatz/10822110-b-auszubildende-2026-zum-r-maurer-in-m-w-d
Maurer/in,"Ausbildung 2026
W. Spähn GmbH Bauunternehmen
01.09.2026
88427 Bad Schussenried
Duale Ausbildung",W. Spähn GmbH Bauunternehmen,N/A,info@spaehn.com,07583 / 2689,2025-11-05,https://www.azubi.de/ausbildungsplatz/10822293-b-ausbildung-2026
Maurer/in,"Ausbildung zum Maurer (m/w/d) – Mach dein Ding-mit Herz, Hand und Verstand! - 2027-Praktikum möglich
Heining Bau-GmbH
01.09.2027
95506 Kastl bei Kemnath
Duale Ausbildung",Heining Bau-GmbH,N/A,info@heining-bau.de,026 95506,2025-11-02,https://www.azubi.de/ausbildungsplatz/10819898-b-ausbildung-zum-maurer-m-w-d-mach-dein-ding-mit-herz-hand-und-verstand-2027-praktikum-moeglich
Maurer/in,"Werde Teil unseres Teams - mit Ausbildung zum Maurer (m/w/d)
Baural Spezialbaugesellschaft mbH
01.08.2026
99706 Sondershausen, Thüringen
Duale Ausbildung",Baural Spezialbaugesellschaft mbH,N/A,loc@ion.href,026 06536,2025-11-02,https://www.azubi.de/ausbildungsplatz/10819923-b-werde-teil-unseres-teams-mit-ausbildung-zum-maurer-m-w-d
Maurer/in,"***Ausbildung 2026***
Kröger Bau GmbH
01.08.2026
28777 Bremen
Duale Ausbildung",Kröger Bau GmbH,N/A,loc@ion.href,026 28777,2025-11-01,https://www.azubi.de/ausbildungsplatz/10818157-b-ausbildung-2026
Maurer/in,"Hochbaufacharbeiter/in - Maurerarbeiten
Bauunternehmen Müller GmbH & Co. Projektierung und Bauausführung KG
01.08.2026
39307 Genthin
Duale Ausbildung",Bauunternehmen Müller GmbH &amp; Co. Projektierung und Bauausführung KG,N/A,loc@ion.href,026 39307,2025-11-01,https://www.azubi.de/ausbildungsplatz/10818339-b-hochbaufacharbeiter-in-maurerarbeiten
Maurer/in,"Duales Studium 2026: Bauingenieur Plus (m/w/d)
Hägele GmbH
01.09.2026
88525 Dürmentingen
Duale Ausbildung",Hägele GmbH,N/A,loc@ion.href,026 88525,2025-11-01,https://www.azubi.de/ausbildungsplatz/10818207-b-duales-studium-2026-bauingenieur-plus-m-w-d
Maurer/in,"Mauer/in Ausbildung 2026 (m/w/d)
Krug Michael Bauunternehmen
01.09.2026
97496 Burgpreppach
Duale Ausbildung",Krug Michael Bauunternehmen,N/A,loc@ion.href,026 97494,2025-10-31,https://www.azubi.de/ausbildungsplatz/10816619-b-mauer-in-ausbildung-2026-m-w-d
Maurer/in,"Ausbildung 2026
Denkmalplan GmbH
01.08.2026
99998 Körner
Duale Ausbildung",Denkmalplan GmbH,N/A,loc@ion.href,026 99998,2025-10-30,https://www.azubi.de/ausbildungsplatz/10815136-b-ausbildung-2026
Maurer/in,"Ausbildung 2026
CREUTZ BAU BAUUNTERNEHMUNG
01.09.2026
72218 Wildberg, Württemberg
Duale Ausbildung",CREUTZ BAU BAUUNTERNEHMUNG,N/A,loc@ion.href,026 72218,2025-10-29,https://www.azubi.de/ausbildungsplatz/10813353-b-ausbildung-2026
Maurer/in,"*Ausbildung 2026*
Haug Bau GmbH
01.09.2026
75365 Calw
Duale Ausbildung",Haug Bau GmbH,N/A,info@haugbau.de,07051 2524,2025-10-29,https://www.azubi.de/ausbildungsplatz/10813399-b-ausbildung-2026
Maurer/in,"Ausbildung 2026 - Maurer/in (m|w|d)
NUR-Bau Gera GmbH Neubau-Umbau-Restauration
17.08.2026
07551 Gera
Duale Ausbildung",NUR-Bau Gera GmbH Neubau-Umbau-Restauration,N/A,loc@ion.href,026 07548,2025-10-29,https://www.azubi.de/ausbildungsplatz/10813262-b-ausbildung-2026-maurer-in-m-w-d
Maurer/in,"Ausbildung 2026 Maurer (m/w/d)
Matthäus Schmid Bauunternehmen GmbH & Co. KG
01.09.2026
88487 Mietingen
Duale Ausbildung",Matthäus Schmid Bauunternehmen GmbH &amp; Co. KG,N/A,loc@ion.href,013 8726324,2025-10-26,https://www.azubi.de/ausbildungsplatz/10810418-b-ausbildung-2026-maurer-m-w-d
Maurer/in,"Auszubildender zum Maurer (m/w/d) für 2026 gesucht
Olaf Th. Janssen GmbH & Co KG
01.09.2026
26419 Schortens
Duale Ausbildung",Olaf Th. Janssen GmbH &amp; Co KG,N/A,loc@ion.href,026 26409,2025-10-26,https://www.azubi.de/ausbildungsplatz/10810336-b-auszubildender-zum-maurer-m-w-d-fuer-2026-gesucht
Maurer/in,"FREIER AUSBILDUNGSPLATZ - Maurer (m/w/d)
Bauunternehmung Kolasius GmbH
01.08.2026
25479 Ellerau, Holstein
Duale Ausbildung",Bauunternehmung Kolasius GmbH,N/A,loc@ion.href,026 20359,2025-10-26,https://www.azubi.de/ausbildungsplatz/10810353-b-freier-ausbildungsplatz-maurer-m-w-d
Maurer/in,"Ausbildung 2026 zum Maurer (m/w/d)
Karl Wolf GmbH & Co Bauunternehmung
01.08.2026
59427 Unna
Duale Ausbildung",Karl Wolf GmbH &amp; Co Bauunternehmung,N/A,loc@ion.href,026 59075,2025-10-25,https://www.azubi.de/ausbildungsplatz/10809731-b-ausbildung-2026-zum-maurer-m-w-d
Maurer/in,"Ausbildung als Hochbaufacharbeiter/in im Bereich Maurerarbeiten
Baugeschäft Meisterbetrieb Daniel Burkhardt
01.08.2026
07629 Hermsdorf, Thüringen
Duale Ausbildung",Baugeschäft Meisterbetrieb Daniel Burkhardt,N/A,info@burkhardt-baugeschaeft.de,036601/ 81072,2025-10-24,https://www.azubi.de/ausbildungsplatz/10808542-b-ausbildung-als-hochbaufacharbeiter-in-im-bereich-maurerarbeiten
Maurer/in,"AUSBILDUNG 2026 - PRAKTIKUM MÖGLICH
Artbau GmbH
01.08.2026
53572 Unkel
Duale Ausbildung",Artbau GmbH,N/A,loc@ion.href,026 56593,2025-10-24,https://www.azubi.de/ausbildungsplatz/10808540-b-ausbildung-2026-praktikum-moeglich
Maurer/in,"Ausbildung - 2026 - Maurer/in
Biermaier GmbH Bauunternehmen
01.09.2026
91077 Hetzles
Duale Ausbildung",Biermaier GmbH Bauunternehmen,N/A,loc@ion.href,09134/4833,2025-10-24,https://www.azubi.de/ausbildungsplatz/10808402-b-ausbildung-2026-maurer-in
Maurer/in,"Bau dir deine Zukunft: Maurer/in (m/w/d)
Müller & Netzel GmbH & Co.KG
03.08.2026
29559 Wrestedt
Duale Ausbildung",Müller &amp; Netzel GmbH &amp; Co.KG,N/A,info@mueller-netzel.de,026 29525,2025-10-23,https://www.azubi.de/ausbildungsplatz/10802891-b-bau-dir-deine-zukunft-maurer-in-m-w-d
Maurer/in,"Ausbildung - 2026 - Maurer/in
SPECIFIC-BAU-GmbH BAUUNTERNEHMUNG
01.09.2026
91286 Obertrubach
Duale Ausbildung",SPECIFIC-BAU-GmbH BAUUNTERNEHMUNG,N/A,loc@ion.href,026 91278,2025-10-23,https://www.azubi.de/ausbildungsplatz/10803043-b-ausbildung-2026-maurer-in
Maurer/in,"Starte 2026 deine Ausbildung als Maurer (m/w/d)
Bennert GmbH Betrieb für Bauwerkssicherung
01.08.2026
99102 Klettbach
Duale Ausbildung",Bennert GmbH Betrieb für Bauwerkssicherung,N/A,loc@ion.href,025 99428,2025-10-23,https://www.azubi.de/ausbildungsplatz/10803049-b-starte-2026-deine-ausbildung-als-maurer-m-w-d
Maurer/in,"Maurer-Azubi's gesucht - Praktikum möglich
Toni Ungelert GmbH & Co KG Baugeschäft
01.09.2026
86983 Lechbruck am See
Duale Ausbildung",Toni Ungelert GmbH &amp; Co KG Baugeschäft,N/A,loc@ion.href,0171 311 78 07,2025-10-22,https://www.azubi.de/ausbildungsplatz/10793844-b-maurer-azubi-s-gesucht-praktikum-moeglich
Maurer/in,"Ausbildung als Maurer (m/w/d)
Kuhn Bau Projekt- GmbH & Co. KG
01.09.2026
73492 Rainau, Württemberg
Duale Ausbildung",Kuhn Bau Projekt- GmbH &amp; Co. KG,N/A,loc@ion.href,026 73460,2025-10-22,https://www.azubi.de/ausbildungsplatz/10793816-b-ausbildung-als-maurer-m-w-d
Maurer/in,"Ausbildung zum/zur Maurer/in (m/w/d) 2026
Petretti GmbH Hochbau
01.09.2026
88213 Ravensburg, Württemberg
Duale Ausbildung",Petretti GmbH Hochbau,N/A,loc@ion.href,026 88281,2025-10-22,https://www.azubi.de/ausbildungsplatz/10793895-b-ausbildung-zum-zur-maurer-in-m-w-d-2026
Maurer/in,"Ausbildung zum/zur Maurer/in (m/w/d) 2026
Weber GmbH & Co.KG Bauunternehmung
01.09.2026
88281 Schlier
Duale Ausbildung",Weber GmbH &amp; Co.KG Bauunternehmung,N/A,loc@ion.href,026 88267,2025-10-22,https://www.azubi.de/ausbildungsplatz/10793917-b-ausbildung-zum-zur-maurer-in-m-w-d-2026
Maurer/in,"AUSBILDUNG 2026 (m/w/d) / Praktikum vorher möglich
Erich Tönnissen GmbH
01.08.2026
47533 Kleve, Niederrhein
Duale Ausbildung",Erich Tönnissen GmbH,N/A,ausbildung.toennissen-bau@online.de,0 28 21 / 5 99 -115,2025-10-19,https://www.azubi.de/ausbildungsplatz/10774753-b-ausbildung-2026-m-w-d-praktikum-vorher-moeglich
Maurer/in,"Ausbildung 2026
Buchmann Bau GmbH & Co. KG
03.02.2026
06536 Südharz
Duale Ausbildung",Buchmann Bau GmbH &amp; Co. KG,N/A,loc@ion.href,026 99706,2025-10-19,https://www.azubi.de/ausbildungsplatz/10774729-b-ausbildung-2026
Maurer/in,"BAU mit uns in die ZUKUNFT! *Ausbildung 2026*
Bürkle Bauunternehmen
01.09.2026
72218 Wildberg, Württemberg
Duale Ausbildung",Bürkle Bauunternehmen,N/A,loc@ion.href,026 72218,2025-10-18,https://www.azubi.de/ausbildungsplatz/10765098-b-bau-mit-uns-in-die-zukunft-ausbildung-2026
Maurer/in,"Ausbildung 2026 Maurer (m/w/d) // Hochbaufacharbeiter (m/w/d
Hermann Schwarz GmbH Bauunternehmen
01.09.2026
75382 Althengstett
Duale Ausbildung",Hermann Schwarz GmbH Bauunternehmen,N/A,loc@ion.href,026 75382,2025-10-18,https://www.azubi.de/ausbildungsplatz/10765182-b-ausbildung-2026-maurer-m-w-d-hochbaufacharbeiter-m-w-d
Maurer/in,"Ausbildung 2026 > Praktikum möglich
Ernst Hähnlein Bau-GmbH
01.09.2026
91555 Feuchtwangen
Duale Ausbildung",Ernst Hähnlein Bau-GmbH,N/A,loc@ion.href,026 91572,01.09.2026,https://www.azubi.de/ausbildungsplatz/10765145-b-ausbildung-2026-praktikum-moeglich
Maurer/in,"Ausbildung 2026 - Maurer/in (m/w/d)
Bernhard Göhl Hoch- und Tiefbau GmbH
01.09.2026
96224 Burgkunstadt
Duale Ausbildung",Bernhard Göhl Hoch- und Tiefbau GmbH,N/A,bewerbung@goehlbau.de,026 96260,2025-10-18,https://www.azubi.de/ausbildungsplatz/10765235-b-ausbildung-2026-maurer-in-m-w-d
Maurer/in,"Hochbaufacharbeiter oder Maurer (m/w/d): Ausbildung 2026
Baugeschäft Marco Jäger
01.09.2026
24229 Dänischenhagen
Duale Ausbildung",Baugeschäft Marco Jäger,N/A,marcojaeger@ki.tng.de,026 24229,2025-10-18,https://www.azubi.de/ausbildungsplatz/10765070-b-hochbaufacharbeiter-oder-maurer-m-w-d-ausbildung-2026
Maurer/in,"Maurer (m/w/d): Ausbildung 2026
Dotzer-Bau GmbH
01.09.2026
24119 Kronshagen
Duale Ausbildung",Dotzer-Bau GmbH,N/A,jakob.kroegeler@dotzer-bau.de,026 24107,2025-10-17,https://www.azubi.de/ausbildungsplatz/10756922-b-maurer-m-w-d-ausbildung-2026
Maurer/in,"Ausbildung Maurer/in (m/w/d)
Bau Berger GmbH
01.08.2026
09577 Niederwiesa
Duale Ausbildung",Bau Berger GmbH,N/A,loc@ion.href,026 09244,2025-10-17,https://www.azubi.de/ausbildungsplatz/10756927-b-ausbildung-maurer-in-m-w-d
Maurer/in,"Ausbildungsstelle Maurer m/w/d *2026*
Faiss Bau GmbH Bauunternehmung
01.09.2026
72160 Horb am Neckar
Duale Ausbildung",Faiss Bau GmbH Bauunternehmung,N/A,loc@ion.href,026 72296,2025-10-17,https://www.azubi.de/ausbildungsplatz/10756930-b-ausbildungsstelle-maurer-m-w-d-2026
Maurer/in,"Ausbildungsplatz zum Maurer (m/w/d) 2026
Euperle Bauunternehmen GmbH
05.02.2026
88267 Vogt
Duale Ausbildung",Euperle Bauunternehmen GmbH,N/A,loc@ion.href,026 88281,2025-10-16,https://www.azubi.de/ausbildungsplatz/10749207-b-ausbildungsplatz-zum-maurer-m-w-d-2026
Maurer/in,"Ausbildung 2026: Maurer (m/w/d)
Bauunternehmen Walter GmbH
01.09.2026
88348 Allmannsweiler bei Bad Saulgau
Duale Ausbildung",Bauunternehmen Walter GmbH,N/A,loc@ion.href,026 88427,2025-10-16,https://www.azubi.de/ausbildungsplatz/10749292-b-ausbildung-2026-maurer-m-w-d
Maurer/in,"Ausbildung 2026: Maurer (m/w/d)
Fritschle GmbH
01.09.2026
88524 Uttenweiler
Duale Ausbildung",Fritschle GmbH,N/A,loc@ion.href,026 88525,2025-10-16,https://www.azubi.de/ausbildungsplatz/10749289-b-ausbildung-2026-maurer-m-w-d
Maurer/in,"Maurer/in m/w/d Ausbildung 2026
Schlaegel Martin
01.09.2026
16269 Wriezen
Duale Ausbildung",Schlaegel Martin,N/A,loc@ion.href,026 16269,2025-10-16,https://www.azubi.de/ausbildungsplatz/10749045-b-maurer-in-m-w-d-ausbildung-2026
Maurer/in,"Ausbildung 2026
Karl Buck GmbH Bauunternehmen
01.09.2026
88400 Biberach an der Riß
Duale Ausbildung",Karl Buck GmbH Bauunternehmen,N/A,loc@ion.href,026 88436,2025-10-12,https://www.azubi.de/ausbildungsplatz/10723268-b-ausbildung-2026
Maurer/in,"Ausbildung zum Maurer (m/w/d)
Wilhelm Geiger GmbH & Co. KG
01.08.2026
87527 Sonthofen, Oberallgäu
Duale Ausbildung",Wilhelm Geiger GmbH &amp; Co. KG,N/A,c1f9ee0_2l7yk0zpy7_1-0@karriere.geigergruppe.de,+49 8322 18-251,2025-10-11,https://www.azubi.de/ausbildungsplatz/10716165-b-ausbildung-zum-maurer-m-w-d
Maurer/in,"Ausbildung 2026 zum Maurer (m/w/d) / Praktikum möglich / Bewerbung per WhatsApp möglich
Bauunternehmen Zinke
01.08.2026
51580 Reichshof
Duale Ausbildung",Bauunternehmen Zinke,N/A,kontakt@hausbau-zinke.de,02265/990167,2025-10-11,https://www.azubi.de/ausbildungsplatz/10716365-b-ausbildung-2026-zum-maurer-m-w-d-praktikum-moeglich-bewerbung-per-whatsapp-moeglich
Maurer/in,"Bau deine Zukunft - Ausbildung zum Maurer (m/w/d)
Bauunternehmen Hansjörg Kunze GmbH
01.08.2026
06577 An der Schmücke
Duale Ausbildung",Bauunternehmen Hansjörg Kunze GmbH,N/A,loc@ion.href,026 06536,2025-10-11,https://www.azubi.de/ausbildungsplatz/10716290-b-bau-deine-zukunft-ausbildung-zum-maurer-m-w-d
Maurer/in,"Ausbildung zum Maurer (m/w/d) für 2026
Bauunternehmen Thomas Schob GmbH
01.08.2026
14641 Wustermark
Duale Ausbildung",Bauunternehmen Thomas Schob GmbH,N/A,loc@ion.href,026 13599,2025-10-10,https://www.azubi.de/ausbildungsplatz/10709048-b-ausbildung-zum-maurer-m-w-d-fuer-2026
Maurer/in,"Ausbildung 2026 - Maurer (m/w/d)
ULLI-Bau GmbH
01.09.2026
91586 Lichtenau, Mittelfranken
Duale Ausbildung",ULLI-Bau GmbH,N/A,loc@ion.href,026 91586,2025-10-10,https://www.azubi.de/ausbildungsplatz/10708801-b-ausbildung-2026-maurer-m-w-d
Maurer/in,"Ausbildung 2026 - Maurer (m|w|d)
Mü Bau GmbH
01.08.2026
07551 Gera
Duale Ausbildung",Mü Bau GmbH,N/A,loc@ion.href,026 07548,2025-10-10,https://www.azubi.de/ausbildungsplatz/10708974-b-ausbildung-2026-maurer-m-w-d
Maurer/in,"Ausbildung im Handwerk 2026
Alles für's Haus GmbH
01.08.2026
31191 Algermissen
Duale Ausbildung",Alles für&#39;s Haus GmbH,N/A,loc@ion.href,026 31180,2025-10-10,https://www.azubi.de/ausbildungsplatz/10708945-b-ausbildung-im-handwerk-2026
Maurer/in,"Ausbildung 2026 - Maurer (m/w/d)
Hoegner Baugesellschaft mbH
01.09.2026
91564 Neuendettelsau
Duale Ausbildung",Hoegner Baugesellschaft mbH,N/A,info@hoegner.net,09874 6886-0,2025-10-10,https://www.azubi.de/ausbildungsplatz/10708834-b-ausbildung-2026-maurer-m-w-d
Maurer/in,"Ausbildung 2026 - Maurer (m|w|d)
MTT Hoch- u. Tiefbau GmbH
01.08.2026
07589 Münchenbernsdorf
Duale Ausbildung",MTT Hoch- u. Tiefbau GmbH,N/A,loc@ion.href,026 07548,2025-10-10,https://www.azubi.de/ausbildungsplatz/10708976-b-ausbildung-2026-maurer-m-w-d
Maurer/in,"Lust auf Handarbeit? Dann werde Maurer
Stephan & Henry Freitag GmbH & Co. KG Bauhandwerksbetrieb
01.08.2026
19089 Crivitz
Duale Ausbildung",Stephan &amp; Henry Freitag GmbH &amp; Co. KG Bauhandwerksbetrieb,N/A,info@freitag-bauhandwerk.de,026 19061,2025-10-09,https://www.azubi.de/ausbildungsplatz/10700568-b-lust-auf-handarbeit-dann-werde-maurer
Maurer/in,"Maurer*in (m/w/d): Ausbildung 2026
Baugesch.Mstr.Wegner Inh. J.Hofer eK
01.09.2026
24220 Flintbek
Duale Ausbildung",Baugesch.Mstr.Wegner Inh. J.Hofer eK,N/A,loc@ion.href,026 24582,2025-10-08,https://www.azubi.de/ausbildungsplatz/10691357-b-maurer-in-m-w-d-ausbildung-2026
Maurer/in,"Ausbildung als Maurer/in, Hochbaufacharbeiter/in (m/w/d) 2026
Josef Wohlwender Baugeschäft GmbH
01.09.2026
88373 Fleischwangen
Duale Ausbildung",Josef Wohlwender Baugeschäft GmbH,N/A,loc@ion.href,026 88373,2025-10-08,https://www.azubi.de/ausbildungsplatz/10691376-b-ausbildung-als-maurer-in-hochbaufacharbeiter-in-m-w-d-2026
Maurer/in,"2026 - Praktikum möglich
Plan-Bau GmbH
01.08.2026
59075 Hamm, Westfalen
Duale Ausbildung",Plan-Bau GmbH,N/A,loc@ion.href,026 59075,2025-10-08,https://www.azubi.de/ausbildungsplatz/10691400-b-2026-praktikum-moeglich
Maurer/in,"2026: Du bist, was du tust - deine Ausbildung zum Maurer (m/w/d) bei LINDNER
Bau und Transportgesellschaft Lindner mbH
01.09.2026
09337 Hohenstein-Ernstthal
Duale Ausbildung",Bau und Transportgesellschaft Lindner mbH,N/A,loc@ion.href,026 08371,2025-10-04,https://www.azubi.de/ausbildungsplatz/10661468-b-2026-du-bist-was-du-tust-deine-ausbildung-zum-maurer-m-w-d-bei-lindner
Maurer/in,"Ausbildung Maurer (m/w/d) 2026 ***Tariflohn*** Praktikum möglich!
Börgel GmbH & Co. KG Bauunternehmung
01.08.2026
49477 Ibbenbüren
Duale Ausbildung",Börgel GmbH &amp; Co. KG Bauunternehmung,N/A,loc@ion.href,026 48496,2025-10-04,https://www.azubi.de/ausbildungsplatz/10661506-b-ausbildung-maurer-m-w-d-2026-tariflohn-praktikum-moeglich
Maurer/in,"Maurer (m/w/d) 2026 - Praktikum möglich
Heckmann Bauplus GmbH
01.08.2026
59075 Hamm, Westfalen
Duale Ausbildung",Heckmann Bauplus GmbH,N/A,karriere@heckmann-bau.de,02381 799042,2025-10-04,https://www.azubi.de/ausbildungsplatz/10661317-b-maurer-m-w-d-2026-praktikum-moeglich
Maurer/in,"Ausbildung Hochbaufacharbeiter/Maurer (m/w/d)
Pfennig Bau GmbH & Co. KG
01.08.2026
04758 Oschatz
Duale Ausbildung",Pfennig Bau GmbH &amp; Co. KG,N/A,personal@pfennig-bau.de,026 04779,2025-10-02,https://www.azubi.de/ausbildungsplatz/10640205-b-ausbildung-hochbaufacharbeiter-maurer-m-w-d
Maurer/in,"Ausbildungsplatz 2026 Hochbaufacharbeiter/in /Maurer/in (m/w/d)
Baubetrieb Richter GmbH
03.08.2026
04774 Dahlen, Sachsen
Duale Ausbildung",Baubetrieb Richter GmbH,N/A,oschatz.berufsberatung@arbeitsagentur.de,026 04779,2025-10-02,https://www.azubi.de/ausbildungsplatz/10640167-b-ausbildungsplatz-2026-hochbaufacharbeiter-in-maurer-in-m-w-d
Maurer/in,"Ausbildung 2026 – Praktikum möglich
Jeßberger Bau GmbH
01.09.2026
94530 Auerbach, Niederbayern
Duale Ausbildung",Jeßberger Bau GmbH,N/A,karriere@jessberger-bau.de,026 94508,2025-10-02,https://www.azubi.de/ausbildungsplatz/10640193-b-ausbildung-2026-praktikum-moeglich
Maurer/in,"Ausbildung 2026: Maurer (m/w/d) ***Tariflohn***
J. Hagemann GmbH & Co. KG Bauunternehmen
01.08.2026
48496 Hopsten
Duale Ausbildung",J. Hagemann GmbH &amp; Co. KG Bauunternehmen,N/A,loc@ion.href,026 48496,2025-10-02,https://www.azubi.de/ausbildungsplatz/10640213-b-ausbildung-2026-maurer-m-w-d-tariflohn
Maurer/in,"Ausbildung 2026 zum Maurer m/w/d
Hartmann GmbH & Co. KG
01.08.2026
32423 Minden, Westfalen
Duale Ausbildung",Hartmann GmbH &amp; Co. KG,N/A,loc@ion.href,026 32423,2025-10-01,https://www.azubi.de/ausbildungsplatz/10633246-b-ausbildung-2026-zum-maurer-m-w-d
Maurer/in,"Maurer (m/w/d)
Wörpel Bau GmbH
01.09.2026
13599 Berlin
Duale Ausbildung",Wörpel Bau GmbH,N/A,bewerbung@woerpelbau.de,026 10318,2025-10-01,https://www.azubi.de/ausbildungsplatz/10633204-b-maurer-m-w-d
Maurer/in,"Baubeginn für Deine Ausbildung 2026 - Dann bei uns!
M & S Bau GmbH & Co. KG
01.08.2026
54666 Irrel
Duale Ausbildung",M &amp; S Bau GmbH &amp; Co. KG,N/A,loc@ion.href,026 54597,2025-09-27,https://www.azubi.de/ausbildungsplatz/10615448-b-baubeginn-fuer-deine-ausbildung-2026-dann-bei-uns
Maurer/in,"Ausbildung 2026 - Maurer/in (m/w/d)
Sebastian Schmitt Bauunternehmung GmbH
01.09.2026
96231 Bad Staffelstein
Duale Ausbildung",Sebastian Schmitt Bauunternehmung GmbH,N/A,loc@ion.href,025 96231,2025-09-27,https://www.azubi.de/ausbildungsplatz/10615327-b-ausbildung-2026-maurer-in-m-w-d
Maurer/in,"Ausbildung zum Maurer* M|W|D 2026
Berger SE & Co. Services KG
01.09.2026
10318 Berlin
Duale Ausbildung",Berger SE &amp; Co. Services KG,N/A,loc@ion.href,+49 (0) 30 500 15 - 3143,2025-09-24,https://www.azubi.de/ausbildungsplatz/10597588-b-ausbildung-zum-maurer-m-w-d-2026
Maurer/in,"Pack mit an: Deine Ausbildung 2026 als Hochbaufacharbeiter oder Maurer (m/w/d)!
Helbe-Bau GmbH
01.08.2026
99713 Helbedündorf
Duale Ausbildung",Helbe-Bau GmbH,N/A,loc@ion.href,026 99996,2025-09-24,https://www.azubi.de/ausbildungsplatz/10597508-b-pack-mit-an-deine-ausbildung-2026-als-hochbaufacharbeiter-oder-maurer-m-w-d
Maurer/in,"Starte eine Ausbildung zum Maurer (m/w/d) 2026!
ECKARDT-BAU GMBH
01.08.2026
37308 Heilbad Heiligenstadt
Duale Ausbildung",ECKARDT-BAU GMBH,N/A,loc@ion.href,026 37351,2025-09-23,https://www.azubi.de/ausbildungsplatz/10591996-b-starte-eine-ausbildung-zum-maurer-m-w-d-2026
Maurer/in,"Ausbildung zum Maurer/in (m/w/d) 2027 - Praktikum möglich
Haubner Bau- GmbH
01.09.2027
95688 Friedenfels
Duale Ausbildung",Haubner Bau- GmbH,N/A,loc@ion.href,026 95688,2025-09-20,https://www.azubi.de/ausbildungsplatz/10577936-b-ausbildung-zum-maurer-in-m-w-d-2027-praktikum-moeglich
Maurer/in,"Ausbildung 2026 / Maurer (m/w/d) im Baugewerbe
Christian Rohrer GmbH
01.09.2026
77694 Kehl, Rhein
Duale Ausbildung",Christian Rohrer GmbH,N/A,info@rohrer-fertigkeller.de,026 77731,2025-09-20,https://www.azubi.de/ausbildungsplatz/10577822-b-ausbildung-2026-maurer-m-w-d-im-baugewerbe
Maurer/in,"Auszubildende Maurer m/w/d ab 01.08.2026
Krieger + Schramm GmbH & Co. KG
01.08.2026
37351 Dingelstädt, Eichsfeld
Duale Ausbildung",Krieger + Schramm GmbH &amp; Co. KG,N/A,loc@ion.href,026 37308,2025-09-20,https://www.azubi.de/ausbildungsplatz/10577950-b-auszubildende-maurer-m-w-d-ab-01-08-2026
Maurer/in,"Ausbildung 2026 - Maurer/in (m/w/d) - Deine Ausbildung, Dein Weg!
Bieber Bau GmbH
01.09.2026
90403 Nürnberg, Mittelfranken
Duale Ausbildung",Bieber Bau GmbH,N/A,bewerbung@firmengruppe-cfuchs.de,026 90530,2025-09-20,https://www.azubi.de/ausbildungsplatz/10577820-b-ausbildung-2026-maurer-in-m-w-d-deine-ausbildung-dein-weg
Maurer/in,"Ausbildung Maurer / Beton- und Stahlbetonbauer 2026 (m/w/d)
Schmück GmbH & Co. KG Bauunternehmen
01.09.2026
60549 Frankfurt am Main
Duale Ausbildung",Schmück GmbH &amp; Co. KG Bauunternehmen,N/A,bewerbung@schmueck-bau.de,026 60549,2025-09-19,https://www.azubi.de/ausbildungsplatz/10575634-b-ausbildung-maurer-beton-und-stahlbetonbauer-2026-m-w-d
Maurer/in,"Azubi für Maurer/in mit Ausbildungsbeginn in 08/ 2026 in Buttstädt gesucht!
System-Bau GmbH
01.08.2026
99628 Buttstädt
Duale Ausbildung",System-Bau GmbH,N/A,j.kaemmer@system-bau.com,025 99428,2025-09-19,https://www.azubi.de/ausbildungsplatz/10575869-b-azubi-fuer-maurer-in-mit-ausbildungsbeginn-in-08-2026-in-buttstaedt-gesucht
Maurer/in,"Ausbildung 2026 - Maurer/in (m/w/d) - Deine Ausbildung, Dein Weg!
CHRISTOPH FUCHS GMBH BAUUNTERNEHMEN
01.09.2026
90530 Wendelstein, Mittelfranken
Duale Ausbildung",CHRISTOPH FUCHS GMBH BAUUNTERNEHMEN,N/A,bewerbung@firmengruppe-cfuchs.de,026 90530,2025-09-19,https://www.azubi.de/ausbildungsplatz/10575641-b-ausbildung-2026-maurer-in-m-w-d-deine-ausbildung-dein-weg
Maurer/in,"Maurer/in
Edwin Wohlhüter Bauunternehmen GmbH & Co. KG
01.09.2026
88637 Leibertingen
Duale Ausbildung",Edwin Wohlhüter Bauunternehmen GmbH &amp; Co. KG,N/A,loc@ion.href,026 72477,2025-09-19,https://www.azubi.de/ausbildungsplatz/10575863-b-maurer-in
Maurer/in,"Maurer/in (m/w/d)
Adam Bauunternehmung KG
01.09.2026
77731 Willstätt
Duale Ausbildung",Adam Bauunternehmung KG,N/A,loc@ion.href,07852 2384,2025-09-18,https://www.azubi.de/ausbildungsplatz/10570174-b-maurer-in-m-w-d
Maurer/in,"Ausbildung 2026 Maurer (m/w/d)
Haas & Haas GmbH Bauunternehmen
01.09.2026
77839 Lichtenau, Baden
Duale Ausbildung",Haas &amp; Haas GmbH Bauunternehmen,N/A,loc@ion.href,026 77866,2025-09-18,https://www.azubi.de/ausbildungsplatz/10570101-b-ausbildung-2026-maurer-m-w-d
Maurer/in,"Maurer/Hochbaufacharbeiter (m/w/d)
Bauunternehmen Fritzsche GmbH
01.08.2026
04779 Wermsdorf
Duale Ausbildung",Bauunternehmen Fritzsche GmbH,N/A,loc@ion.href,026 04774,2025-09-18,https://www.azubi.de/ausbildungsplatz/10570184-b-maurer-hochbaufacharbeiter-m-w-d
Maurer/in,"Ausbildung - 2026 - Maurer/in
GBG Bauunternehmung GmbH
01.09.2026
91278 Pottenstein, Oberfranken
Duale Ausbildung",GBG Bauunternehmung GmbH,N/A,loc@ion.href,026 91286,2025-09-17,https://www.azubi.de/ausbildungsplatz/10563517-b-ausbildung-2026-maurer-in
Maurer/in,"Ausbildung 2026 - Maurer/in (m/w/d) - Praktikum möglich
Breiteneicher GmbH Bauunternehmen
01.09.2026
84137 Vilsbiburg
Duale Ausbildung",Breiteneicher GmbH Bauunternehmen,N/A,loc@ion.href,026 84326,2025-09-17,https://www.azubi.de/ausbildungsplatz/10563481-b-ausbildung-2026-maurer-in-m-w-d-praktikum-moeglich
Maurer/in,"Maurer/in
Dehn Bau GmbH Frank Knobloch
01.09.2026
77866 Rheinau, Baden
Duale Ausbildung",Dehn Bau GmbH Frank Knobloch,N/A,loc@ion.href,026 77839,2025-09-17,https://www.azubi.de/ausbildungsplatz/10563476-b-maurer-in
Maurer/in,"Ausbildung zum Maurer* M|W|D - Passau 2026
Berger Bau SE
01.09.2026
94036 Passau
Duale Ausbildung",Berger Bau SE,N/A,loc@ion.href,026 94036,2025-09-13,https://www.azubi.de/ausbildungsplatz/10533909-b-ausbildung-zum-maurer-m-w-d-passau-2026
Maurer/in,"Ausbildung 2026 als Maurer/in (m/w/d) - Praktikum möglich
SCHROEDL GmbH & Co. KG BAUUNTERNEHMUNG
01.09.2026
91456 Diespeck
Duale Ausbildung",SCHROEDL GmbH &amp; Co. KG BAUUNTERNEHMUNG,N/A,loc@ion.href,026 91481,2025-09-13,https://www.azubi.de/ausbildungsplatz/10534028-b-ausbildung-2026-als-maurer-in-m-w-d-praktikum-moeglich
Maurer/in,"Ausbildung 2026 - Maurer/in (m/w/d)
Josef Fösel Bauunternehmung Gmbh
01.09.2026
96117 Memmelsdorf
Duale Ausbildung",Josef Fösel Bauunternehmung Gmbh,N/A,loc@ion.href,026 96050,2025-09-13,https://www.azubi.de/ausbildungsplatz/10533958-b-ausbildung-2026-maurer-in-m-w-d
Maurer/in,"Ausbildung zum Maurer (m/w/d)
J. Lindemann GmbH Co. KG - Bauunternehmen -
01.08.2026
21684 Stade, Niederelbe
Duale Ausbildung",J. Lindemann GmbH Co. KG - Bauunternehmen -,N/A,loc@ion.href,026 21684,2025-09-12,https://www.azubi.de/ausbildungsplatz/10527698-b-ausbildung-zum-maurer-m-w-d
Maurer/in,"Ausbildung 2026 - Maurer/in
Baptist Saffer GmbH & Co. KG Bauunternehmen
01.09.2026
96155 Buttenheim
Duale Ausbildung",Baptist Saffer GmbH &amp; Co. KG Bauunternehmen,N/A,loc@ion.href,026 91320,2025-09-12,https://www.azubi.de/ausbildungsplatz/10527598-b-ausbildung-2026-maurer-in
Maurer/in,"Ausbildung - 2026 - Maurer/in
Walter Bauunternehmen GmbH
01.09.2026
91320 Ebermannstadt
Duale Ausbildung",Walter Bauunternehmen GmbH,N/A,info@walterbaut.de,026 96155,2025-09-12,https://www.azubi.de/ausbildungsplatz/10527610-b-ausbildung-2026-maurer-in
Maurer/in,"Ausbildung 2026
Amberg Bau GmbH & Co. KG Bauunternehmen
01.09.2026
86925 Fuchstal bei Landsberg am Lech
Duale Ausbildung",Amberg Bau GmbH &amp; Co. KG Bauunternehmen,N/A,loc@ion.href,026 86875,2025-09-11,https://www.azubi.de/ausbildungsplatz/10521157-b-ausbildung-2026
Maurer/in,"Maurer/in
Winner-Bau GmbH & Co. KG
01.09.2026
91575 Windsbach
Duale Ausbildung",Winner-Bau GmbH &amp; Co. KG,N/A,loc@ion.href,026 91575,2025-09-11,https://www.azubi.de/ausbildungsplatz/10521114-b-maurer-in
Maurer/in,"Ausbildung 2026 - Maurer (m/w/d)
dechant hoch- und ingenieurbau
01.09.2026
96260 Weismain
Duale Ausbildung",dechant hoch- und ingenieurbau,N/A,loc@ion.href,026 96260,01.09.2026,https://www.azubi.de/ausbildungsplatz/10521256-b-ausbildung-2026-maurer-m-w-d
Maurer/in,"*Ausbildung 2026*
Albert Günter GmbH
09.02.2026
72270 Baiersbronn
Duale Ausbildung",Albert Günter GmbH,N/A,loc@ion.href,026 72250,2025-09-11,https://www.azubi.de/ausbildungsplatz/10521135-b-ausbildung-2026
Maurer/in,"Ausbildung 2026 - Praktikum möglich
Willner Bauunternehmung- Baustoffe e.K. Christian Willner
01.09.2026
91481 Münchsteinach
Duale Ausbildung",Willner Bauunternehmung- Baustoffe e.K. Christian Willner,N/A,loc@ion.href,026 91456,2025-09-11,https://www.azubi.de/ausbildungsplatz/10521247-b-ausbildung-2026-praktikum-moeglich
Maurer/in,"Maurerauszubildende/r (m/w/d) für 2026 gesucht – Praktikum möglich
Fritz Rain Bau Gmbh
01.09.2026
91486 Uehlfeld
Duale Ausbildung",Fritz Rain Bau Gmbh,N/A,loc@ion.href,026 91481,2025-09-10,https://www.azubi.de/ausbildungsplatz/10512790-b-maurerauszubildende-r-m-w-d-fuer-2026-gesucht-praktikum-moeglich
Maurer/in,"Ausbildung 2026 - Praktikum möglich
C.HOFMANN KG GMBH+CO BAUUNTERNEHMEN
01.09.2026
96152 Burghaslach
Duale Ausbildung",C.HOFMANN KG GMBH+CO BAUUNTERNEHMEN,N/A,loc@ion.href,026 91481,2025-09-07,https://www.azubi.de/ausbildungsplatz/10496354-b-ausbildung-2026-praktikum-moeglich
Maurer/in,"Ausbildung 2026 – Praktikum möglich
Konrad Mai
01.09.2026
91459 Markt Erlbach
Duale Ausbildung",Konrad Mai,N/A,loc@ion.href,026 90599,2025-09-07,https://www.azubi.de/ausbildungsplatz/10496461-b-ausbildung-2026-praktikum-moeglich
Maurer/in,"Ausbildung 2026 Maurer (m/w/d)
Nübel - Bau GmbH
01.09.2026
72285 Pfalzgrafenweiler
Duale Ausbildung",Nübel - Bau GmbH,N/A,loc@ion.href,026 72296,2025-09-06,https://www.azubi.de/ausbildungsplatz/10484970-b-ausbildung-2026-maurer-m-w-d
Maurer/in,"Baustellenhelden Maurer m/w/d für 2027 - Praktikum möglich
Embritz Bau GmbH & Co. KG
18.02.2026
88138 Hergensweiler
Duale Ausbildung",Embritz Bau GmbH &amp; Co. KG,N/A,loc@ion.href,026 88161,2025-09-06,https://www.azubi.de/ausbildungsplatz/10485002-b-baustellenhelden-maurer-m-w-d-fuer-2027-praktikum-moeglich
Maurer/in,"Ausbildung 2026 Maurer (m/w/d)
Hirner Bauunternehmung GmbH
01.09.2026
85253 Erdweg
Duale Ausbildung",Hirner Bauunternehmung GmbH,N/A,loc@ion.href,026 81373,2025-09-06,https://www.azubi.de/ausbildungsplatz/10485005-b-ausbildung-2026-maurer-m-w-d
Maurer/in,"Maurer/in (m/w/d) - Ausbildung 2027 - Praktikum möglich
Franz Kassecker GmbH Bauunternehmen
01.09.2027
95652 Waldsassen
Duale Ausbildung",Franz Kassecker GmbH Bauunternehmen,N/A,loc@ion.href,026 95652,01.09.2026,https://www.azubi.de/ausbildungsplatz/10484942-b-maurer-in-m-w-d-ausbildung-2027-praktikum-moeglich
Maurer/in,"Ausbildung 2026 - Maurer/in
Bauunternehmung Lechmann GmbH & Co KG
01.09.2026
96149 Breitengüßbach
Duale Ausbildung",Bauunternehmung Lechmann GmbH &amp; Co KG,N/A,loc@ion.href,026 96117,2025-09-06,https://www.azubi.de/ausbildungsplatz/10484688-b-ausbildung-2026-maurer-in
Maurer/in,"Maurer/in (m/w/d) - Ausbildung 2027 - Praktikum möglich
Martin Janner-Bau GmbH & Co. KG
01.09.2027
95688 Friedenfels
Duale Ausbildung",Martin Janner-Bau GmbH &amp; Co. KG,N/A,loc@ion.href,026 95688,2025-09-06,https://www.azubi.de/ausbildungsplatz/10484677-b-maurer-in-m-w-d-ausbildung-2027-praktikum-moeglich
Maurer/in,"Ausbildung Maurer/in (m/w/d) - 2027 - Praktikum möglich
Bäuml Bau GmbH
01.09.2027
95695 Mähring, Oberpfalz
Duale Ausbildung",Bäuml Bau GmbH,N/A,loc@ion.href,026 95652,2025-09-06,https://www.azubi.de/ausbildungsplatz/10484891-b-ausbildung-maurer-in-m-w-d-2027-praktikum-moeglich
Maurer/in,"Ausbildungsplatz als Maurer/in (m/w/d) - 2027 - Praktikum möglich
Triebenbacher GmbH Bauunternehmen
01.09.2027
95652 Waldsassen
Duale Ausbildung",Triebenbacher GmbH Bauunternehmen,N/A,loc@ion.href,026 95652,2025-09-06,https://www.azubi.de/ausbildungsplatz/10484882-b-ausbildungsplatz-als-maurer-in-m-w-d-2027-praktikum-moeglich
Maurer/in,"Ausbildung 2026 - Maurer/in
Eberth Bau GmbH & Co. KG
01.09.2026
96050 Bamberg
Duale Ausbildung",Eberth Bau GmbH &amp; Co. KG,N/A,loc@ion.href,026 96049,2025-09-05,https://www.azubi.de/ausbildungsplatz/10475562-b-ausbildung-2026-maurer-in
Maurer/in,"Ausbildung zum Maurer (m/w/d) 2026 / Praktikum möglich
Berster Koch Bauunternehmen GmbH & Co. KG
01.08.2026
51674 Wiehl
Duale Ausbildung",Berster Koch Bauunternehmen GmbH &amp; Co. KG,N/A,bewerbung@bersterkoch.de,026 51580,2025-09-04,https://www.azubi.de/ausbildungsplatz/10469575-b-ausbildung-zum-maurer-m-w-d-2026-praktikum-moeglich
Maurer/in,"Ausbildungsplatz für 2026 - Praktikum möglich
Lederle Bau e.K.
01.09.2026
87487 Wiggensbach
Duale Ausbildung",Lederle Bau e.K.,N/A,loc@ion.href,026 87437,2025-09-04,https://www.azubi.de/ausbildungsplatz/10469631-b-ausbildungsplatz-fuer-2026-praktikum-moeglich
Maurer/in,"Maurer/in
Georg Schuler Baugeschäft
01.09.2026
88367 Hohentengen bei Bad Saulgau
Duale Ausbildung",Georg Schuler Baugeschäft,N/A,loc@ion.href,026 88521,2025-09-04,https://www.azubi.de/ausbildungsplatz/10469831-b-maurer-in
Maurer/in,"Ausbildung 2026 - Maurer/in (m/w/d) gesucht!
R.H.-Massivbau GmbH
01.09.2026
96178 Pommersfelden
Duale Ausbildung",R.H.-Massivbau GmbH,N/A,mc@rh-massivbau.de,0179 44 12 109,2025-09-04,https://www.azubi.de/ausbildungsplatz/10469706-b-ausbildung-2026-maurer-in-m-w-d-gesucht
Maurer/in,"Ausbildung 2026 - Maurer (m/w/d)
Raab Baugesellschaft mbH & Co KG
01.09.2026
96250 Ebensfeld
Duale Ausbildung",Raab Baugesellschaft mbH &amp; Co KG,N/A,loc@ion.href,025 96231,2025-09-04,https://www.azubi.de/ausbildungsplatz/10469850-b-ausbildung-2026-maurer-m-w-d
Maurer/in,"Ausbildung zum Maurer (m/w/d) *2026*
Bauunternehmen Bernd Witmann
01.09.2026
90530 Wendelstein, Mittelfranken
Duale Ausbildung",Bauunternehmen Bernd Witmann,N/A,loc@ion.href,026 90530,2025-09-03,https://www.azubi.de/ausbildungsplatz/10461500-b-ausbildung-zum-maurer-m-w-d-2026
Maurer/in,"Ausbildung 2026
Noller Bauunternehmung GmbH
01.09.2026
89168 Niederstotzingen
Duale Ausbildung",Noller Bauunternehmung GmbH,N/A,nicole.zedel@noller-bau.de,07325/9237-0,2025-08-31,https://www.azubi.de/ausbildungsplatz/10445147-b-ausbildung-2026
Maurer/in,"Hochbaufacharbeiter/in oder Maurer/in (m/w/d)
Vogler Bau GmbH
01.08.2026
99996 Unstruttal
Duale Ausbildung",Vogler Bau GmbH,N/A,loc@ion.href,026 06571,2025-08-30,https://www.azubi.de/ausbildungsplatz/10440689-b-hochbaufacharbeiter-in-oder-maurer-in-m-w-d
Maurer/in,"Ausbildung zum Maurer *2026*
Xaver Schalk Bau- GmbH & Co. KG
01.09.2026
90530 Wendelstein, Mittelfranken
Duale Ausbildung",Xaver Schalk Bau- GmbH &amp; Co. KG,N/A,personal@schalkbau.de,09129 / 90 29-0,2025-08-30,https://www.azubi.de/ausbildungsplatz/10440576-b-ausbildung-zum-maurer-2026
Maurer/in,"Handwerk hat goldenen Boden! Beginne jetzt Deine Ausbildung zum Maurer m|w|d
RS Bauleistungen GmbH
01.08.2026
16321 Bernau bei Berlin
Duale Ausbildung",RS Bauleistungen GmbH,N/A,loc@ion.href,026 12623,2025-08-30,https://www.azubi.de/ausbildungsplatz/10440678-b-handwerk-hat-goldenen-boden-beginne-jetzt-deine-ausbildung-zum-maurer-m-w-d
Maurer/in,"Ausbildungsplatz zum Maurer (m/w/d) in Remscheid
Knebes Bauunternehmung GmbH & Co. KG
01.08.2026
42897 Remscheid
Duale Ausbildung",Knebes Bauunternehmung GmbH &amp; Co. KG,N/A,loc@ion.href,026 42897,2025-08-29,https://www.azubi.de/ausbildungsplatz/10435975-b-ausbildungsplatz-zum-maurer-m-w-d-in-remscheid
Maurer/in,"Ausbildung Maurer (m/w/d)
Heinrich Karstens GmbH & Co.KG
01.08.2026
24107 Kiel
Duale Ausbildung",Heinrich Karstens GmbH &amp; Co.KG,N/A,loc@ion.href,026 24119,2025-08-29,https://www.azubi.de/ausbildungsplatz/10436004-b-ausbildung-maurer-m-w-d
Maurer/in,"*Ausbildung 2026*
Zettl, Irmin
01.09.2026
72250 Freudenstadt
Duale Ausbildung","Zettl, Irmin",N/A,info@zettlbau.de,026 72270,2025-08-29,https://www.azubi.de/ausbildungsplatz/10436072-b-ausbildung-2026
Maurer/in,"Maurer m/w/d
Bau Schulze GmbH
01.09.2026
09244 Lichtenau bei Chemnitz, Sachsen
Duale Ausbildung",Bau Schulze GmbH,N/A,loc@ion.href,026 09577,2025-08-29,https://www.azubi.de/ausbildungsplatz/10436108-b-maurer-m-w-d
Maurer/in,"Ausbildung 2026 - Maurer/in
Valentin Reinfelder Bau GmbH
01.09.2026
96049 Bamberg
Duale Ausbildung",Valentin Reinfelder Bau GmbH,N/A,loc@ion.href,026 96050,2025-08-29,https://www.azubi.de/ausbildungsplatz/10436171-b-ausbildung-2026-maurer-in
Maurer/in,"Ausbildung 2026 (m/w/d)
Hermann Reese Baugeschäft GmbH & Co KG
01.09.2026
24582 Bordesholm
Duale Ausbildung",Hermann Reese Baugeschäft GmbH &amp; Co KG,N/A,loc@ion.href,026 24536,2025-08-29,https://www.azubi.de/ausbildungsplatz/10436174-b-ausbildung-2026-m-w-d
Maurer/in,"Ausbildungsstelle 2026 (m/w/d) - Praktikum möglich
Paul Bau- und Putz GmbH
01.09.2026
87665 Mauerstetten bei Kaufbeuren
Duale Ausbildung",Paul Bau- und Putz GmbH,N/A,loc@ion.href,026 87600,2025-08-28,https://www.azubi.de/ausbildungsplatz/10431308-b-ausbildungsstelle-2026-m-w-d-praktikum-moeglich
Maurer/in,"Ausbildung 2026
Baugesellschaft Turnus mbH
01.08.2026
64839 Münster (Hessen)
Duale Ausbildung",Baugesellschaft Turnus mbH,N/A,loc@ion.href,026 60549,2025-08-28,https://www.azubi.de/ausbildungsplatz/10431284-b-ausbildung-2026
Maurer/in,"Ausbildung 2026 (m/w/d)
Hans Wagner Bauunternehmen GmbH & Co. KG
01.08.2026
24536 Neumünster, Holstein
Duale Ausbildung",Hans Wagner Bauunternehmen GmbH &amp; Co. KG,N/A,loc@ion.href,026 24582,2025-08-28,https://www.azubi.de/ausbildungsplatz/10431418-b-ausbildung-2026-m-w-d
Maurer/in,"AZUBI Maurer (m/w/d) 2026 - Praktikum möglich
Koreis Hochbau GmbH
01.09.2026
86875 Waal, Schwaben
Duale Ausbildung",Koreis Hochbau GmbH,N/A,firma@koreis-hochbau.de,026 86925,01.09.2026,https://www.azubi.de/ausbildungsplatz/10426508-b-azubi-maurer-m-w-d-2026-praktikum-moeglich
Maurer/in,"JETZT EINSTEIGEN - Ausbildung 2026
Holz & Holz Massivbau GmbH
01.08.2026
54597 Feuerscheid
Duale Ausbildung",Holz &amp; Holz Massivbau GmbH,N/A,loc@ion.href,026 54666,2025-08-27,https://www.azubi.de/ausbildungsplatz/10426427-b-jetzt-einsteigen-ausbildung-2026
Maurer/in,"Maurer/in
Gerhard Greinacher Bau GmbH & Co. KG
01.09.2026
88605 Sauldorf
Duale Ausbildung",Gerhard Greinacher Bau GmbH &amp; Co. KG,N/A,loc@ion.href,026 88637,2025-08-27,https://www.azubi.de/ausbildungsplatz/10426556-b-maurer-in
Maurer/in,"Ausbildung 2026
Stegmaier Michael
01.09.2026
89537 Giengen an der Brenz
Duale Ausbildung",Stegmaier Michael,N/A,loc@ion.href,026 89168,2025-08-24,https://www.azubi.de/ausbildungsplatz/10412939-b-ausbildung-2026
Maurer/in,"Ausbildung 2026
Niederberger Bau GmbH
01.09.2026
89555 Steinheim am Albuch
Duale Ausbildung",Niederberger Bau GmbH,N/A,loc@ion.href,026 89564,2025-08-23,https://www.azubi.de/ausbildungsplatz/10407211-b-ausbildung-2026
Maurer/in,"Ausbildung Maurer/in (m/w/d)
Ernst Maier Bauunternehmen GmbH Co. KG
01.09.2026
89564 Nattheim
Duale Ausbildung",Ernst Maier Bauunternehmen GmbH Co. KG,N/A,job@emaierbau.de,026 89537,2025-08-21,https://www.azubi.de/ausbildungsplatz/10385133-b-ausbildung-maurer-in-m-w-d
Maurer/in,"Ausbildung zum Maurer/in 2026 - Praktikum möglich (m/w/d)
msBau GmbH Dipl.-Ing. Marek Szczepaniak
01.08.2026
59071 Hamm, Westfalen
Duale Ausbildung",msBau GmbH Dipl.-Ing. Marek Szczepaniak,N/A,loc@ion.href,026 59075,2025-08-20,https://www.azubi.de/ausbildungsplatz/10379383-b-ausbildung-zum-maurer-in-2026-praktikum-moeglich-m-w-d
Maurer/in,"Ausbildung 2026 Maurer (m/w/d)
W. Voss GmbH & Co. KG Bauunternehmen
01.09.2026
30890 Barsinghausen
Duale Ausbildung",W. Voss GmbH &amp; Co. KG Bauunternehmen,N/A,loc@ion.href,025 30890,2025-08-20,https://www.azubi.de/ausbildungsplatz/10379475-b-ausbildung-2026-maurer-m-w-d
Maurer/in,"Ausbildung zum Maurer / Hochbaufacharbeiter (m/w/d) - Ausbildung 2026
Kuhlmann Bauunt. GmbH 1772
01.08.2026
26215 Wiefelstede
Duale Ausbildung",Kuhlmann Bauunt. GmbH 1772,N/A,info@bau-kuhlmann.de,efon: 0441 / 999 22 20,2025-08-16,https://www.azubi.de/ausbildungsplatz/10361915-b-ausbildung-zum-maurer-hochbaufacharbeiter-m-w-d-ausbildung-2026
Maurer/in,"*** Ausbildung 2026 - Maurer (m/w/d) *** Praktikum möglich
Kahmann Bau-GmbH Hoch-Beton-Stahlbetonbau
01.08.2026
46539 Dinslaken
Duale Ausbildung",Kahmann Bau-GmbH Hoch-Beton-Stahlbetonbau,N/A,info@kahmannbau.de,026 46149,2025-08-14,https://www.azubi.de/ausbildungsplatz/10350973-b-ausbildung-2026-maurer-m-w-d-praktikum-moeglich
Maurer/in,"Ausbildung 2026 - Maurer/in (m/w/d)
Dietz Baugesellschaft mbH & Co
01.09.2026
96260 Weismain
Duale Ausbildung",Dietz Baugesellschaft mbH &amp; Co,N/A,info@dietz-bau.de,026 96260,2025-08-13,https://www.azubi.de/ausbildungsplatz/10344690-b-ausbildung-2026-maurer-in-m-w-d
Maurer/in,"Duales Studium - Verbundstudium
XAVER SCHMID GmbH & Co. Bauunternehmen KG
01.10.2026
87616 Marktoberdorf
Duale Ausbildung",XAVER SCHMID GmbH &amp; Co. Bauunternehmen KG,N/A,loc@ion.href,026 87616,2025-08-13,https://www.azubi.de/ausbildungsplatz/10344738-b-duales-studium-verbundstudium
Maurer/in,"Ausbildung zum Maurer (w/m/x) 2026 im Allgäu - Praktikum möglich
Hubert Schmid Bauunternehmen GmbH
01.09.2026
87616 Marktoberdorf
Duale Ausbildung",Hubert Schmid Bauunternehmen GmbH,N/A,loc@ion.href,026 87616,2025-08-13,https://www.azubi.de/ausbildungsplatz/10344588-b-ausbildung-zum-maurer-w-m-x-2026-im-allgaeu-praktikum-moeglich
Maurer/in,"Maurer (m/w/d)
Prangenberg Massivbau GmbH & Co. KG
01.08.2026
56593 Horhausen (Westerwald)
Duale Ausbildung",Prangenberg Massivbau GmbH &amp; Co. KG,N/A,loc@ion.href,026 53572,2025-08-10,https://www.azubi.de/ausbildungsplatz/10328060-b-maurer-m-w-d
Maurer/in,"Ausbildung 2026 - Hochbaufacharbeiter oder Maurer (m/w/d)
Langenlipsdorfer Fläming-Bau GmbH
01.08.2026
14913 Niedergörsdorf
Duale Ausbildung",Langenlipsdorfer Fläming-Bau GmbH,N/A,loc@ion.href,026 06895,01.08.2026,https://www.azubi.de/ausbildungsplatz/10322595-b-ausbildung-2026-hochbaufacharbeiter-oder-maurer-m-w-d
Maurer/in,"Ausbildung 2026
Maier GmbH
01.08.2026
89079 Ulm, Donau
Duale Ausbildung",Maier GmbH,N/A,loc@ion.href,026 89079,2025-08-09,https://www.azubi.de/ausbildungsplatz/10322731-b-ausbildung-2026
Maurer/in,"**Ausbildung 2026** zum / zur Maurer/-in (m/w/d)
Böhmer Putz GmbH
01.08.2026
37671 Höxter
Duale Ausbildung",Böhmer Putz GmbH,N/A,loc@ion.href,026 37671,2025-08-09,https://www.azubi.de/ausbildungsplatz/10322555-b-ausbildung-2026-zum-zur-maurer-in-m-w-d
Maurer/in,"Ausbildung 2026 - Praktikum möglich
Hubert Nabbe GmbH
01.08.2026
48165 Münster, Westfalen
Duale Ausbildung",Hubert Nabbe GmbH,N/A,loc@ion.href,026 48268,2025-08-08,https://www.azubi.de/ausbildungsplatz/10316133-b-ausbildung-2026-praktikum-moeglich
Maurer/in,"Ausbildung zum Maurer (m/w/d)
Bau-Team Wittenberg Mathias Pannier & Enrico Reinecke GbR
01.08.2026
06886 Lutherstadt Wittenberg
Duale Ausbildung",Bau-Team Wittenberg Mathias Pannier &amp; Enrico Reinecke GbR,N/A,loc@ion.href,026 14913,2025-08-08,https://www.azubi.de/ausbildungsplatz/10316298-b-ausbildung-zum-maurer-m-w-d
Maurer/in,"Maurer/in
Berger GmbH
01.09.2026
72469 Meßstetten
Duale Ausbildung",Berger GmbH,N/A,loc@ion.href,026 72469,2025-08-06,https://www.azubi.de/ausbildungsplatz/10308473-b-maurer-in
Maurer/in,"Ausbildung zum Maurer (m/w/d) ***Tariflohn*** ***anschließende Weiterbildungsmöglichkeiten***
Korber Bauunternehmen GmbH
01.08.2026
48268 Greven, Westfalen
Duale Ausbildung",Korber Bauunternehmen GmbH,N/A,info@hochbau-korber.de,02571 95893-0,2025-08-06,https://www.azubi.de/ausbildungsplatz/10308657-b-ausbildung-zum-maurer-m-w-d-tariflohn-anschliessende-weiterbildungsmoeglichkeiten
Maurer/in,"Maurer/in
Karl-Josef Rupp Bauunternehmung GmbH
01.09.2026
72393 Burladingen
Duale Ausbildung",Karl-Josef Rupp Bauunternehmung GmbH,N/A,loc@ion.href,026 72393,2025-08-06,https://www.azubi.de/ausbildungsplatz/10308422-b-maurer-in
Maurer/in,"""Willst Du Maurer/in werden?""
Brand Bau GmbH
01.09.2026
97794 Rieneck
Duale Ausbildung",Brand Bau GmbH,N/A,loc@ion.href,026 97794,2025-08-06,https://www.azubi.de/ausbildungsplatz/10308654-b-willst-du-maurer-in-werden
Maurer/in,"*** Ausbildung 2026 ***
Meyer Hochbau GmbH & Co. KG
01.08.2026
29525 Uelzen, Lüneburger Heide
Duale Ausbildung",Meyer Hochbau GmbH &amp; Co. KG,N/A,loc@ion.href,026 29525,2025-08-06,https://www.azubi.de/ausbildungsplatz/10308647-b-ausbildung-2026
Maurer/in,"Ausbildung Maurer (M/W/D) 2026
Hans Graf Bauunternehmung GmbH & Co. KG
01.08.2026
50389 Wesseling, Rheinland
Duale Ausbildung",Hans Graf Bauunternehmung GmbH &amp; Co. KG,N/A,loc@ion.href,026 50389,2025-08-06,https://www.azubi.de/ausbildungsplatz/10308597-b-ausbildung-maurer-m-w-d-2026
Maurer/in,"AZUBI 2026 (m/w/d) gesucht/Praktikum vorher möglich
Umbau Sanierungen Venes GmbH & Co. KG
01.08.2026
46459 Rees
Duale Ausbildung",Umbau Sanierungen Venes GmbH &amp; Co. KG,N/A,loc@ion.href,026 46499,2025-07-27,https://www.azubi.de/ausbildungsplatz/10269663-b-azubi-2026-m-w-d-gesucht-praktikum-vorher-moeglich
Maurer/in,"*2026* Ausbildung Maurer (m/w/d)
Sturm & Müller GmbH
01.09.2026
72296 Schopfloch, Kreis Freudenstadt
Duale Ausbildung",Sturm &amp; Müller GmbH,N/A,loc@ion.href,026 72285,2025-07-26,https://www.azubi.de/ausbildungsplatz/10264858-b-2026-ausbildung-maurer-m-w-d
Maurer/in,"Ausbildung zum Maurer (m/w/d)
Siegfried Wagner Bauunternehmen, Waldmünchen e.K.
01.09.2026
93449 Waldmünchen
Duale Ausbildung","Siegfried Wagner Bauunternehmen, Waldmünchen e.K.",N/A,bodenpl@ten.du,026 93449,2025-07-24,https://www.azubi.de/ausbildungsplatz/10247798-b-ausbildung-zum-maurer-m-w-d
Maurer/in,"Duales Verbundstudium Bauingenieurwesen & Maurer (m/w/d)
Siegfried Wagner Bauunternehmen, Waldmünchen e.K.
01.09.2026
93449 Waldmünchen
Duale Ausbildung","Siegfried Wagner Bauunternehmen, Waldmünchen e.K.",N/A,loc@ion.href,026 93449,2025-07-24,https://www.azubi.de/ausbildungsplatz/10247843-b-duales-verbundstudium-bauingenieurwesen-maurer-m-w-d
Maurer/in,"AUSBILDUNG 2026
Saevecke GmbH Bauunternehmen
01.08.2026
29525 Uelzen, Lüneburger Heide
Duale Ausbildung",Saevecke GmbH Bauunternehmen,N/A,loc@ion.href,025 29525,2025-07-24,https://www.azubi.de/ausbildungsplatz/10247986-b-ausbildung-2026
Maurer/in,"Maurer m/w/d ‍♂️ ‍♀️
Karl Roth, Baumeister GmbH & Co KG
01.09.2026
95632 Wunsiedel
Duale Ausbildung","Karl Roth, Baumeister GmbH &amp; Co KG",N/A,loc@ion.href,026 95688,2025-07-23,https://www.azubi.de/ausbildungsplatz/10244500-b-maurer-m-w-d
Maurer/in,"Ausbildung 2026 - zum/ zur Maurer/in (m/w/d) in Borgentreich - Praktikum möglich
HARTMANN BAU GmbH
01.08.2026
34434 Borgentreich
Duale Ausbildung",HARTMANN BAU GmbH,N/A,loc@ion.href,026 34434,2025-07-19,https://www.azubi.de/ausbildungsplatz/10227865-b-ausbildung-2026-zum-zur-maurer-in-m-w-d-in-borgentreich-praktikum-moeglich
Maurer/in,"Ausbildung 2026
Allweier GmbH & CO.KG
01.09.2026
79576 Weil am Rhein
Duale Ausbildung",Allweier GmbH &amp; CO.KG,N/A,loc@ion.href,026 79576,2025-07-18,https://www.azubi.de/ausbildungsplatz/10224360-b-ausbildung-2026
Maurer/in,"Ausbildung zum Maurer (m/w/d) 2026
Nittritz Baugesellschaft mbH
01.09.2026
23738 Harmsdorf, Holstein
Duale Ausbildung",Nittritz Baugesellschaft mbH,N/A,info@nittritz.de,026 23738,2025-07-17,https://www.azubi.de/ausbildungsplatz/10218213-b-ausbildung-zum-maurer-m-w-d-2026
Maurer/in,"Ausbildung 2026 - Maurer/in (m|w|d)
Mading Bau GmbH
17.08.2026
07548 Gera
Duale Ausbildung",Mading Bau GmbH,N/A,loc@ion.href,026 07551,2025-07-13,https://www.azubi.de/ausbildungsplatz/10196511-b-ausbildung-2026-maurer-in-m-w-d
Maurer/in,"Maurer/in
Huonker Bauunternehmen GmbH & Co. KG
01.09.2026
72348 Rosenfeld, Württemberg
Duale Ausbildung",Huonker Bauunternehmen GmbH &amp; Co. KG,N/A,info@huonker-bau.de,+49 7428 / 94 19 0,2025-07-12,https://www.azubi.de/ausbildungsplatz/10190075-b-maurer-in
Maurer/in,"Ausbildung 2026 - Maurer (m/w/d)
Görtler & Schramm GmbH
01.09.2026
96231 Bad Staffelstein
Duale Ausbildung",Görtler &amp; Schramm GmbH,N/A,loc@ion.href,025 96231,2025-07-12,https://www.azubi.de/ausbildungsplatz/10190074-b-ausbildung-2026-maurer-m-w-d
Maurer/in,"Ausbildungsplatz für 2026
Wintergerst GmbH Bauunternehmen
01.09.2026
87490 Haldenwang, Allgäu
Duale Ausbildung",Wintergerst GmbH Bauunternehmen,N/A,loc@ion.href,026 87437,2025-07-10,https://www.azubi.de/ausbildungsplatz/10179867-b-ausbildungsplatz-fuer-2026
Maurer/in,"Maurer m/w/d 2026
Steeb Hoch- und Tiefbau GmbH Steeb GmbH
01.09.2026
73098 Rechberghausen
Duale Ausbildung",Steeb Hoch- und Tiefbau GmbH Steeb GmbH,N/A,loc@ion.href,026 70736,2025-07-10,https://www.azubi.de/ausbildungsplatz/10179871-b-maurer-m-w-d-2026
Maurer/in,"Maurer/in
Greber Bau GmbH
01.09.2026
72477 Schwenningen, Baden
Duale Ausbildung",Greber Bau GmbH,N/A,loc@ion.href,026 72510,2025-07-10,https://www.azubi.de/ausbildungsplatz/10179925-b-maurer-in
Maurer/in,"Ausbildung 2026
Moser Hoch-und Tiefbau GmbH
01.09.2026
72364 Obernheim, Württemberg
Duale Ausbildung",Moser Hoch-und Tiefbau GmbH,N/A,loc@ion.href,026 72362,2025-07-10,https://www.azubi.de/ausbildungsplatz/10180057-b-ausbildung-2026
Maurer/in,"Ausbildung 2026
Ludwig Graf GmbH & Co. KG Bauunternehmen
01.09.2026
72469 Meßstetten
Duale Ausbildung",Ludwig Graf GmbH &amp; Co. KG Bauunternehmen,N/A,loc@ion.href,026 72469,2025-07-10,https://www.azubi.de/ausbildungsplatz/10179850-b-ausbildung-2026
Maurer/in,"Azubi (m/w/d) gesucht-Praktikum möglich
Webel Bauunternehmung GmbH & Co. KG
01.08.2026
67365 Schwegenheim
Duale Ausbildung",Webel Bauunternehmung GmbH &amp; Co. KG,N/A,loc@ion.href,026 67365,2025-07-09,https://www.azubi.de/ausbildungsplatz/10171524-b-azubi-m-w-d-gesucht-praktikum-moeglich
Maurer/in,"Ausbildung 2026
Bau-Team GmbH
01.09.2026
77815 Bühl, Baden
Duale Ausbildung",Bau-Team GmbH,N/A,loc@ion.href,026 77839,2025-07-06,https://www.azubi.de/ausbildungsplatz/10148938-b-ausbildung-2026
Maurer/in,"Willst du hier in der Region etwas schaffen, das bleibt? Dann komm zu uns - Maurer/in (m/w/d)
Löffler Hoch + Tiefbau GmbH & Co. KG
01.09.2026
72510 Stetten am kalten Markt
Duale Ausbildung",Löffler Hoch + Tiefbau GmbH &amp; Co. KG,N/A,info@loefflerbau.de,+49757395100,2025-07-02,https://www.azubi.de/ausbildungsplatz/10111345-b-willst-du-hier-in-der-region-etwas-schaffen-das-bleibt-dann-komm-zu-uns-maurer-in-m-w-d
Maurer/in,"2026 * AUSBILDUNG zum Maurer (M/W/D)
Planen & Bauen Max Putz GmbH & Co. KG
01.09.2026
83376 Truchtlaching
Duale Ausbildung",Planen &amp; Bauen Max Putz GmbH &amp; Co. KG,N/A,loc@ion.href,026 83376,2025-06-22,https://www.azubi.de/ausbildungsplatz/10066816-b-2026-ausbildung-zum-maurer-m-w-d
Maurer/in,"Ausbildung 2026: Maurer/in in Alpen, Geldern oder Wesel, vorheriges Praktikum oder EQ möglich
ABB Bauunternehmung GmbH
01.09.2026
46519 Alpen
Duale Ausbildung",ABB Bauunternehmung GmbH,N/A,personal@abb-bau.de,02802 / 9487 203,2025-06-12,https://www.azubi.de/ausbildungsplatz/10022056-b-ausbildung-2026-maurer-in-in-alpen-geldern-oder-wesel-vorheriges-praktikum-oder-eq-moeglich
Maurer/in,"AUSBILDUNG 2025 - Maurer/in (m/w/d) - Praktikum möglich!
Gebr. Hölscher Bauunternehmung GmbH
11.11.2025
47167 Duisburg
Duale Ausbildung",Gebr. Hölscher Bauunternehmung GmbH,N/A,bewerbung@hoelscher-bau.de,026 46149,2025-06-02,https://www.azubi.de/ausbildungsplatz/9977868-b-ausbildung-2025-maurer-in-m-w-d-praktikum-moeglich
Maurer/in,"Wir bilden 2026 wieder Maurer/in (m/w/d) in Rottorf aus!
Michael Aporius Bauausführungen
01.08.2026
21423 Winsen (Luhe)
Duale Ausbildung",Michael Aporius Bauausführungen,N/A,loc@ion.href,026 21502,2025-06-02,https://www.azubi.de/ausbildungsplatz/9976380-b-wir-bilden-2026-wieder-maurer-in-m-w-d-in-rottorf-aus
Maurer/in,"Maurer/in
Rudolf Hoos Bauunternehmen GmbH
05.02.2026
97255 Gelchsheim
Duale Ausbildung",Rudolf Hoos Bauunternehmen GmbH,N/A,loc@ion.href,026 97922,2025-05-28,https://www.azubi.de/ausbildungsplatz/9958997-b-maurer-in
Maurer/in,"Willst du ins Team? Ausbildung 2025
Hilko Schmidt
01.08.2025
26969 Butjadingen
Duale Ausbildung",Hilko Schmidt,N/A,info@hilkoschmidt.de,026 26419,2025-05-10,https://www.azubi.de/ausbildungsplatz/9878192-b-willst-du-ins-team-ausbildung-2025
Maurer/in,"Ausbildung Maurer (m/w/d) 2026
Schmieling & Sohn, Hoch- und Tiefbau GmbH & Co. KG
16.12.2026
34626 Neukirchen, Knüllgeb
Duale Ausbildung","Schmieling &amp; Sohn, Hoch- und Tiefbau GmbH &amp; Co. KG",N/A,loc@ion.href,026 34626,2025-05-06,https://www.azubi.de/ausbildungsplatz/9876061-b-ausbildung-maurer-m-w-d-2026
Maurer/in,"Ausbildung 2026 Praktikum möglich
Rössler Wohnbau GmbH
01.09.2026
86647 Buttenwiesen
Duale Ausbildung",Rössler Wohnbau GmbH,N/A,info@roessler-wohnbau.de,026 89561,2025-04-30,https://www.azubi.de/ausbildungsplatz/9869940-b-ausbildung-2026-praktikum-moeglich
Maurer/in,"Ausbildungsstelle 2025
Joerg Bauunternehmung GmbH
19.09.2025
87653 Eggenthal, Schwaben
Duale Ausbildung",Joerg Bauunternehmung GmbH,N/A,loc@ion.href,026 87600,2025-04-27,https://www.azubi.de/ausbildungsplatz/9868839-b-ausbildungsstelle-2025
Maurer/in,"Ausbildung 2026
Franz Büter Bauunternehmung GmbH & Co. KG
01.08.2026
48607 Ochtrup
Duale Ausbildung",Franz Büter Bauunternehmung GmbH &amp; Co. KG,N/A,loc@ion.href,026 48282,2025-04-26,https://www.azubi.de/ausbildungsplatz/9867363-b-ausbildung-2026
Maurer/in,"Ausbildung 2026- Maurer (m/w/d)-Gerne anrufen! ***Tariflohn***
Sonnenberg Bauen + Wohnen GmbH
01.08.2026
48282 Emsdetten
Duale Ausbildung",Sonnenberg Bauen + Wohnen GmbH,N/A,info@sonnenberg-bauen-wohnen.de,02572 960470,2025-04-24,https://www.azubi.de/ausbildungsplatz/9858566-b-ausbildung-2026-maurer-m-w-d-gerne-anrufen-tariflohn
Maurer/in,"** Ausbildung 2026 **
Hermann Fuchs GmbH
01.09.2026
73479 Ellwangen (Jagst)
Duale Ausbildung",Hermann Fuchs GmbH,N/A,loc@ion.href,026 73492,2025-04-16,https://www.azubi.de/ausbildungsplatz/9814355-b-ausbildung-2026
Maurer/in,"Ausbildung 2026 - Maurer (m/w/d)
Gessler Bauunternehmen GmbH
01.09.2026
91572 Bechhofen an der Heide
Duale Ausbildung",Gessler Bauunternehmen GmbH,N/A,loc@ion.href,026 91722,2025-04-12,https://www.azubi.de/ausbildungsplatz/9808921-b-ausbildung-2026-maurer-m-w-d
Maurer/in,"Ausbildung zum Maurer (m/w/d) 2026
Ferdinand Brutscher GmbH & Co. KG
01.09.2026
87561 Oberstdorf
Duale Ausbildung",Ferdinand Brutscher GmbH &amp; Co. KG,N/A,loc@ion.href,026 87527,2025-04-12,https://www.azubi.de/ausbildungsplatz/9809590-b-ausbildung-zum-maurer-m-w-d-2026
Maurer/in,"Ausbildung Hochbaufacharbeiter - Maurerarbeiten (m/w/d) 2025
Bauhof H. GmbH Denkmal- und Bausanierung
01.08.2025
99428 Grammetal
Duale Ausbildung",Bauhof H. GmbH Denkmal- und Bausanierung,N/A,loc@ion.href,026 99189,2025-04-10,https://www.azubi.de/ausbildungsplatz/9799560-b-ausbildung-hochbaufacharbeiter-maurerarbeiten-m-w-d-2025
Maurer/in,"""Bauingenieurstudium + Ausbildung Maurer"" (Bauingenieur Plus) 2026
Franz Traub GmbH Bauunternehmung Betonwerke
01.09.2026
73432 Aalen, Württemberg
Duale Ausbildung",Franz Traub GmbH Bauunternehmung Betonwerke,N/A,loc@ion.href,026 73432,2025-04-05,https://www.azubi.de/ausbildungsplatz/9792267-b-bauingenieurstudium-ausbildung-maurer-bauingenieur-plus-2026
Maurer/in,"**Werde Baumeister deiner Zukunft!**
Bauunternehmung Dirk Berning
01.08.2026
46499 Hamminkeln
Duale Ausbildung",Bauunternehmung Dirk Berning,N/A,loc@ion.href,026 46459,2025-04-05,https://www.azubi.de/ausbildungsplatz/9792425-b-werde-baumeister-deiner-zukunft
Maurer/in,"* Ausbildung 2026 *
Georg Stegmaier GmbH & Co. KG Baugeschäft
01.09.2026
73460 Hüttlingen, Württemberg
Duale Ausbildung",Georg Stegmaier GmbH &amp; Co. KG Baugeschäft,N/A,loc@ion.href,026 73492,2025-04-03,https://www.azubi.de/ausbildungsplatz/9783284-b-ausbildung-2026
Maurer/in,"**Ausbildung 2026** in Brakel - Praktikum möglich
Derbau Inh. Viktor Derksen
03.08.2026
33034 Brakel, Westfalen
Duale Ausbildung",Derbau Inh. Viktor Derksen,N/A,loc@ion.href,026 33034,2025-03-19,https://www.azubi.de/ausbildungsplatz/9736205-b-ausbildung-2026-in-brakel-praktikum-moeglich
